Using pre-set license
Built from '2022.3/staging' branch; Version is '2022.3.22f1 (887be4894c44) revision 8944612'; Using compiler version '192829333'; Build Type 'Release'
OS: 'Windows 11  (10.0.26100) 64bit Core' Language: 'en' Physical Memory: 16263 MB
BatchMode: 1, IsHumanControllingUs: 0, StartBugReporterOnCrash: 0, Is64bit: 1, IsPro: 1

COMMAND LINE ARGUMENTS:
D:\tiril\Unity\Unity 2022.3.22f1\Editor\Unity.exe
-adb2
-batchMode
-noUpm
-name
AssetImportWorker2
-projectPath
D:/tiril/Downloads/GridCity2025_HDRP/GridCity2025_HDRP
-logFile
Logs/AssetImportWorker2.log
-srvPort
54852
Successfully changed project path to: D:/tiril/Downloads/GridCity2025_HDRP/GridCity2025_HDRP
D:/tiril/Downloads/GridCity2025_HDRP/GridCity2025_HDRP
[UnityMemory] Configuration Parameters - Can be set up in boot.config
    "memorysetup-bucket-allocator-granularity=16"
    "memorysetup-bucket-allocator-bucket-count=8"
    "memorysetup-bucket-allocator-block-size=33554432"
    "memorysetup-bucket-allocator-block-count=8"
    "memorysetup-main-allocator-block-size=16777216"
    "memorysetup-thread-allocator-block-size=16777216"
    "memorysetup-gfx-main-allocator-block-size=16777216"
    "memorysetup-gfx-thread-allocator-block-size=16777216"
    "memorysetup-cache-allocator-block-size=4194304"
    "memorysetup-typetree-allocator-block-size=2097152"
    "memorysetup-profiler-bucket-allocator-granularity=16"
    "memorysetup-profiler-bucket-allocator-bucket-count=8"
    "memorysetup-profiler-bucket-allocator-block-size=33554432"
    "memorysetup-profiler-bucket-allocator-block-count=8"
    "memorysetup-profiler-allocator-block-size=16777216"
    "memorysetup-profiler-editor-allocator-block-size=1048576"
    "memorysetup-temp-allocator-size-main=16777216"
    "memorysetup-job-temp-allocator-block-size=2097152"
    "memorysetup-job-temp-allocator-block-size-background=1048576"
    "memorysetup-job-temp-allocator-reduction-small-platforms=262144"
    "memorysetup-allocator-temp-initial-block-size-main=262144"
    "memorysetup-allocator-temp-initial-block-size-worker=262144"
    "memorysetup-temp-allocator-size-background-worker=32768"
    "memorysetup-temp-allocator-size-job-worker=262144"
    "memorysetup-temp-allocator-size-preload-manager=33554432"
    "memorysetup-temp-allocator-size-nav-mesh-worker=65536"
    "memorysetup-temp-allocator-size-audio-worker=65536"
    "memorysetup-temp-allocator-size-cloud-worker=32768"
    "memorysetup-temp-allocator-size-gi-baking-worker=262144"
    "memorysetup-temp-allocator-size-gfx=262144"
Player connection [20708] Host "[IP] 192.168.1.201 [Port] 0 [Flags] 2 [Guid] 3716602908 [EditorId] 3716602908 [Version] 1048832 [Id] WindowsEditor(7,LAPTOP-3PLPQ78P) [Debug] 1 [PackageName] WindowsEditor [ProjectName] Editor" joined multi-casting on [225.0.0.222:54997]...

Player connection [20708] Host "[IP] 192.168.1.201 [Port] 0 [Flags] 2 [Guid] 3716602908 [EditorId] 3716602908 [Version] 1048832 [Id] WindowsEditor(7,LAPTOP-3PLPQ78P) [Debug] 1 [PackageName] WindowsEditor [ProjectName] Editor" joined alternative multi-casting on [225.0.0.222:34997]...

[Physics::Module] Initialized MultithreadedJobDispatcher with 11 workers.
Refreshing native plugins compatible for Editor in 6765.69 ms, found 0 plugins.
Preloading 0 native plugins for Editor in 0.00 ms.
Initialize engine version: 2022.3.22f1 (887be4894c44)
[Subsystems] Discovering subsystems at path D:/tiril/Unity/Unity 2022.3.22f1/Editor/Data/Resources/UnitySubsystems
[Subsystems] Discovering subsystems at path D:/tiril/Downloads/GridCity2025_HDRP/GridCity2025_HDRP/Assets
GfxDevice: creating device client; threaded=0; jobified=0
Direct3D:
    Version:  Direct3D 11.0 [level 11.1]
    Renderer: NVIDIA GeForce GTX 1650 (ID=0x1f91)
    Vendor:   NVIDIA
    VRAM:     3950 MB
    Driver:   31.0.15.4617
Initialize mono
Mono path[0] = 'D:/tiril/Unity/Unity 2022.3.22f1/Editor/Data/Managed'
Mono path[1] = 'D:/tiril/Unity/Unity 2022.3.22f1/Editor/Data/MonoBleedingEdge/lib/mono/unityjit-win32'
Mono config path = 'D:/tiril/Unity/Unity 2022.3.22f1/Editor/Data/MonoBleedingEdge/etc'
Using monoOptions --debugger-agent=transport=dt_socket,embedding=1,server=y,suspend=n,address=127.0.0.1:56544
Begin MonoManager ReloadAssembly
Registering precompiled unity dll's ...
Register platform support module: D:/tiril/Unity/Unity 2022.3.22f1/Editor/Data/PlaybackEngines/WindowsStandaloneSupport/UnityEditor.WindowsStandalone.Extensions.dll
Registered in 0.395697 seconds.
- Loaded All Assemblies, in 14.864 seconds
Native extension for WindowsStandalone target not found
Mono: successfully reloaded assembly
- Finished resetting the current domain, in  0.415 seconds
Domain Reload Profiling: 15297ms
	BeginReloadAssembly (11146ms)
		ExecutionOrderSort (0ms)
		DisableScriptedObjects (0ms)
		BackupInstance (0ms)
		ReleaseScriptingObjects (0ms)
		CreateAndSetChildDomain (172ms)
	RebuildCommonClasses (1014ms)
	RebuildNativeTypeToScriptingClass (16ms)
	initialDomainReloadingComplete (508ms)
	LoadAllAssembliesAndSetupDomain (2179ms)
		LoadAssemblies (10703ms)
		RebuildTransferFunctionScriptingTraits (0ms)
		AnalyzeDomain (2146ms)
			TypeCache.Refresh (2143ms)
				TypeCache.ScanAssembly (1561ms)
			ScanForSourceGeneratedMonoScriptInfo (0ms)
			ResolveRequiredComponents (0ms)
	FinalizeReload (435ms)
		ReleaseScriptCaches (0ms)
		RebuildScriptCaches (0ms)
		SetupLoadedEditorAssemblies (339ms)
			LogAssemblyErrors (0ms)
			InitializePlatformSupportModulesInManaged (27ms)
			SetLoadedEditorAssemblies (8ms)
			RefreshPlugins (0ms)
			BeforeProcessingInitializeOnLoad (3ms)
			ProcessInitializeOnLoadAttributes (222ms)
			ProcessInitializeOnLoadMethodAttributes (80ms)
			AfterProcessingInitializeOnLoad (0ms)
			EditorAssembliesLoaded (0ms)
		ExecutionOrderSort2 (0ms)
		AwakeInstancesAfterBackupRestoration (0ms)
========================================================================
Worker process is ready to serve import requests
Begin MonoManager ReloadAssembly
- Loaded All Assemblies, in  9.170 seconds
Refreshing native plugins compatible for Editor in 5.99 ms, found 0 plugins.
Native extension for WindowsStandalone target not found
Mono: successfully reloaded assembly
- Finished resetting the current domain, in  4.686 seconds
Domain Reload Profiling: 13711ms
	BeginReloadAssembly (255ms)
		ExecutionOrderSort (0ms)
		DisableScriptedObjects (5ms)
		BackupInstance (0ms)
		ReleaseScriptingObjects (0ms)
		CreateAndSetChildDomain (104ms)
	RebuildCommonClasses (35ms)
	RebuildNativeTypeToScriptingClass (11ms)
	initialDomainReloadingComplete (481ms)
	LoadAllAssembliesAndSetupDomain (8243ms)
		LoadAssemblies (8219ms)
		RebuildTransferFunctionScriptingTraits (0ms)
		AnalyzeDomain (125ms)
			TypeCache.Refresh (98ms)
				TypeCache.ScanAssembly (87ms)
			ScanForSourceGeneratedMonoScriptInfo (16ms)
			ResolveRequiredComponents (8ms)
	FinalizeReload (4686ms)
		ReleaseScriptCaches (0ms)
		RebuildScriptCaches (0ms)
		SetupLoadedEditorAssemblies (4340ms)
			LogAssemblyErrors (0ms)
			InitializePlatformSupportModulesInManaged (6ms)
			SetLoadedEditorAssemblies (3ms)
			RefreshPlugins (0ms)
			BeforeProcessingInitializeOnLoad (49ms)
			ProcessInitializeOnLoadAttributes (285ms)
			ProcessInitializeOnLoadMethodAttributes (3995ms)
			AfterProcessingInitializeOnLoad (2ms)
			EditorAssembliesLoaded (0ms)
		ExecutionOrderSort2 (0ms)
		AwakeInstancesAfterBackupRestoration (7ms)
Launched and connected shader compiler UnityShaderCompiler.exe after 0.24 seconds
Refreshing native plugins compatible for Editor in 11.37 ms, found 0 plugins.
Preloading 0 native plugins for Editor in 0.00 ms.
Unloading 4008 Unused Serialized files (Serialized files now loaded: 0)
Unloading 105 unused Assets / (3.6 MB). Loaded Objects now: 4460.
Memory consumption went from 238.7 MB to 235.1 MB.
Total: 124.216500 ms (FindLiveObjects: 0.347800 ms CreateObjectMapping: 0.235700 ms MarkObjects: 121.840600 ms  DeleteObjects: 1.789600 ms)

AssetImportParameters requested are different than current active one (requested -> active):
  custom:container-demuxer-ogg: 62fdf1f143b41e24485cea50d1cbac27 -> 
  custom:video-codec-MediaFoundation-h265: 746d11721c4dcdbdad8f713fa42b33f4 -> 
  custom:video-decoder-ogg-theora: a1e56fd34408186e4bbccfd4996cb3dc -> 
  custom:framework-win-MediaFoundation: 216162199b28c13a410421893ffa2e32 -> 
  custom:CustomObjectIndexerAttribute: 9a22284fe3817be447336de3de66b15e -> 
  custom:container-demuxer-webm: 4f35f7cbe854078d1ac9338744f61a02 -> 
  custom:container-muxer-webm: aa71ff27fc2769a1b78a27578f13a17b -> 
  custom:video-decoder-webm-vp8: 9c59270c3fd7afecdb556c50c9e8de78 -> 
  custom:SearchIndexIgnoredProperties: e643bd26f0fe6173181afceb89e7c659 -> 
  custom:AudioImporter_EditorPlatform: d09bf68614088b80899f8185d706f6e7 -> 
  custom:video-encoder-webm-vp8: eb34c28f22e8b96e1ab97ce403110664 -> 
  custom:audio-decoder-ogg-vorbis: bf7c407c2cedff20999df2af8eb42d56 -> 
  custom:audio-encoder-webm-vorbis: bf7c407c2cedff20999df2af8eb42d56 -> 
========================================================================
Received Import Request.
  Time since last request: 649704.705115 seconds.
  path: Assets/Prefabs/ProceduralSimpleBuilding.prefab
  artifactKey: Guid(fee6c2ac503a81e4cb074a72365b79d0) Importer(815301076,1909f56bfc062723c751e8b465ee728b)
Start importing Assets/Prefabs/ProceduralSimpleBuilding.prefab using Guid(fee6c2ac503a81e4cb074a72365b79d0) Importer(815301076,1909f56bfc062723c751e8b465ee728b)  -> (artifact id: 'a4e00bdf4d0497d450f01bcf1b529252') in 0.039800 seconds
Number of updated asset objects reloaded before import = 0
Number of asset objects unloaded after import = 175
========================================================================
Received Import Request.
  Time since last request: 1.244693 seconds.
  path: Assets/Kenney Assets/FantasyTownProcessed/stairsStoneHandrail.obj
  artifactKey: Guid(a2fd4c06a9cc2db4f82e5e4208c62ba2) Importer(815301076,1909f56bfc062723c751e8b465ee728b)
Start importing Assets/Kenney Assets/FantasyTownProcessed/stairsStoneHandrail.obj using Guid(a2fd4c06a9cc2db4f82e5e4208c62ba2) Importer(815301076,1909f56bfc062723c751e8b465ee728b)  -> (artifact id: '6c9397b81e71b8a932b6cc990ce49abb') in 5.144231 seconds
Number of updated asset objects reloaded before import = 0
Number of asset objects unloaded after import = 18
========================================================================
Received Import Request.
  Time since last request: 0.000036 seconds.
  path: Assets/Kenney Assets/FantasyTownProcessed/wallCornerDiagonal.obj
  artifactKey: Guid(6faee39e8f23cf44bafe1ee995c7920c) Importer(815301076,1909f56bfc062723c751e8b465ee728b)
Start importing Assets/Kenney Assets/FantasyTownProcessed/wallCornerDiagonal.obj using Guid(6faee39e8f23cf44bafe1ee995c7920c) Importer(815301076,1909f56bfc062723c751e8b465ee728b)  -> (artifact id: 'b841f14335daba0ab2c73851c00cd884') in 0.031032 seconds
Number of updated asset objects reloaded before import = 0
Number of asset objects unloaded after import = 11
========================================================================
Received Import Request.
  Time since last request: 0.000041 seconds.
  path: Assets/Kenney Assets/FantasyTownProcessed/wallDetailCross.obj
  artifactKey: Guid(8c13c6d5ccba6a64c8368e092e275061) Importer(815301076,1909f56bfc062723c751e8b465ee728b)
Start importing Assets/Kenney Assets/FantasyTownProcessed/wallDetailCross.obj using Guid(8c13c6d5ccba6a64c8368e092e275061) Importer(815301076,1909f56bfc062723c751e8b465ee728b)  -> (artifact id: 'd12c6621953d03089576123dc2620df2') in 0.035558 seconds
Number of updated asset objects reloaded before import = 0
Number of asset objects unloaded after import = 11
========================================================================
Received Import Request.
  Time since last request: 0.000030 seconds.
  path: Assets/Kenney Assets/FantasyTownProcessed/stallGreen.obj
  artifactKey: Guid(476ee633d5540da4a9ed5ac3c58e4f64) Importer(815301076,1909f56bfc062723c751e8b465ee728b)
Start importing Assets/Kenney Assets/FantasyTownProcessed/stallGreen.obj using Guid(476ee633d5540da4a9ed5ac3c58e4f64) Importer(815301076,1909f56bfc062723c751e8b465ee728b)  -> (artifact id: 'ef9c1c89151d1654459037f4bc38168e') in 0.060897 seconds
Number of updated asset objects reloaded before import = 0
Number of asset objects unloaded after import = 11
========================================================================
Received Import Request.
  Time since last request: 0.000034 seconds.
  path: Assets/Kenney Assets/FantasyTownProcessed/wallDoorwayBase.obj
  artifactKey: Guid(475e76b5ca687b04f876d7026d87df41) Importer(815301076,1909f56bfc062723c751e8b465ee728b)
Start importing Assets/Kenney Assets/FantasyTownProcessed/wallDoorwayBase.obj using Guid(475e76b5ca687b04f876d7026d87df41) Importer(815301076,1909f56bfc062723c751e8b465ee728b)  -> (artifact id: '39f689e457aa643b870974163b73b811') in 0.065909 seconds
Number of updated asset objects reloaded before import = 0
Number of asset objects unloaded after import = 12
========================================================================
Received Import Request.
  Time since last request: 0.000077 seconds.
  path: Assets/Kenney Assets/FantasyTownProcessed/wallArchTopDetail.obj
  artifactKey: Guid(947a91b84b072c745ae03f0d327add5f) Importer(815301076,1909f56bfc062723c751e8b465ee728b)
Start importing Assets/Kenney Assets/FantasyTownProcessed/wallArchTopDetail.obj using Guid(947a91b84b072c745ae03f0d327add5f) Importer(815301076,1909f56bfc062723c751e8b465ee728b)  -> (artifact id: '051ccd5a1da888bae4ce4a9e8da4c29d') in 0.070736 seconds
Number of updated asset objects reloaded before import = 0
Number of asset objects unloaded after import = 12
========================================================================
Received Import Request.
  Time since last request: 0.000045 seconds.
  path: Assets/Kenney Assets/FantasyTownProcessed/wallCorner.obj
  artifactKey: Guid(c027a118bf034044eb31d31f532046af) Importer(815301076,1909f56bfc062723c751e8b465ee728b)
Start importing Assets/Kenney Assets/FantasyTownProcessed/wallCorner.obj using Guid(c027a118bf034044eb31d31f532046af) Importer(815301076,1909f56bfc062723c751e8b465ee728b)  -> (artifact id: '0a67a16f082e349e54d431e3fa8178ad') in 0.050986 seconds
Number of updated asset objects reloaded before import = 0
Number of asset objects unloaded after import = 11
========================================================================
Received Import Request.
  Time since last request: 639.880624 seconds.
  path: Assets/Editor/ShapeEditor.cs
  artifactKey: Guid(7da21dfa34541994bbbbafb26da3a493) Importer(2089858483,0ecaa5967403d082aa24f35e1b516d23)
Start importing Assets/Editor/ShapeEditor.cs using Guid(7da21dfa34541994bbbbafb26da3a493) Importer(2089858483,0ecaa5967403d082aa24f35e1b516d23)  -> (artifact id: 'f60ed430321e0fd73bdfb910758eb2e0') in 0.525562 seconds
Number of updated asset objects reloaded before import = 0
Number of asset objects unloaded after import = 1
========================================================================
Received Import Request.
  Time since last request: 0.000050 seconds.
  path: Assets/Kenney Assets/FantasyTownProcessed/roofCornerInner.obj
  artifactKey: Guid(34117a05a14be2c4886b67ada41a7033) Importer(2089858483,0ecaa5967403d082aa24f35e1b516d23)
Start importing Assets/Kenney Assets/FantasyTownProcessed/roofCornerInner.obj using Guid(34117a05a14be2c4886b67ada41a7033) Importer(2089858483,0ecaa5967403d082aa24f35e1b516d23)  -> (artifact id: 'ae47e4ecdc9b3563ee8507d57875d2f2') in 0.765855 seconds
Number of updated asset objects reloaded before import = 0
Number of asset objects unloaded after import = 9
========================================================================
Received Import Request.
  Time since last request: 0.000036 seconds.
  path: Assets/Kenney Assets/FantasyTownProcessed/roadBend.obj
  artifactKey: Guid(a8f11048d8a2f654391b17dec88c721e) Importer(2089858483,0ecaa5967403d082aa24f35e1b516d23)
Start importing Assets/Kenney Assets/FantasyTownProcessed/roadBend.obj using Guid(a8f11048d8a2f654391b17dec88c721e) Importer(2089858483,0ecaa5967403d082aa24f35e1b516d23)  -> (artifact id: 'fa59632390fd78e48debefc74c40a325') in 0.086721 seconds
Number of updated asset objects reloaded before import = 0
Number of asset objects unloaded after import = 9
========================================================================
Received Import Request.
  Time since last request: 0.000029 seconds.
  path: Assets/Kenney Assets/FantasyTownProcessed/wallArch.obj
  artifactKey: Guid(6cd40fa2d99f21f45a2e0b2072ff9b5d) Importer(2089858483,0ecaa5967403d082aa24f35e1b516d23)
Start importing Assets/Kenney Assets/FantasyTownProcessed/wallArch.obj using Guid(6cd40fa2d99f21f45a2e0b2072ff9b5d) Importer(2089858483,0ecaa5967403d082aa24f35e1b516d23)  -> (artifact id: '5d7ddd08a5620b332ad0ed164c4c3503') in 0.033170 seconds
Number of updated asset objects reloaded before import = 0
Number of asset objects unloaded after import = 9
========================================================================
Received Import Request.
  Time since last request: 0.000050 seconds.
  path: Assets/Kenney Assets/FantasyTownProcessed/fountainEdge.obj
  artifactKey: Guid(3aee6840c814e464f949d52729e86a47) Importer(2089858483,0ecaa5967403d082aa24f35e1b516d23)
Start importing Assets/Kenney Assets/FantasyTownProcessed/fountainEdge.obj using Guid(3aee6840c814e464f949d52729e86a47) Importer(2089858483,0ecaa5967403d082aa24f35e1b516d23)  -> (artifact id: '050b5c239aa2f3262232f0499fafd9ac') in 0.095678 seconds
Number of updated asset objects reloaded before import = 0
Number of asset objects unloaded after import = 9
========================================================================
Received Import Request.
  Time since last request: 0.000052 seconds.
  path: Assets/Kenney Assets/FantasyTownProcessed/roofHighGableDetail.obj
  artifactKey: Guid(f189691f81272394189a7a5bf708cc44) Importer(2089858483,0ecaa5967403d082aa24f35e1b516d23)
Start importing Assets/Kenney Assets/FantasyTownProcessed/roofHighGableDetail.obj using Guid(f189691f81272394189a7a5bf708cc44) Importer(2089858483,0ecaa5967403d082aa24f35e1b516d23)  -> (artifact id: '129fe9750a98c057f4262a6c4c4a5093') in 0.070219 seconds
Number of updated asset objects reloaded before import = 0
Number of asset objects unloaded after import = 9
========================================================================
Received Import Request.
  Time since last request: 0.000046 seconds.
  path: Assets/Kenney Assets/FantasyTownProcessed/roofCorner.obj
  artifactKey: Guid(236322ffd13d2d243b4214d20bb5f7f6) Importer(2089858483,0ecaa5967403d082aa24f35e1b516d23)
Start importing Assets/Kenney Assets/FantasyTownProcessed/roofCorner.obj using Guid(236322ffd13d2d243b4214d20bb5f7f6) Importer(2089858483,0ecaa5967403d082aa24f35e1b516d23)  -> (artifact id: 'a7d41078362a6b0e648a88fcc5c2f485') in 0.043100 seconds
Number of updated asset objects reloaded before import = 0
Number of asset objects unloaded after import = 9
========================================================================
Received Import Request.
  Time since last request: 0.000033 seconds.
  path: Assets/Kenney Assets/FantasyTownProcessed/tree.obj
  artifactKey: Guid(50c8c740023493e48a752bf6beed6688) Importer(2089858483,0ecaa5967403d082aa24f35e1b516d23)
Start importing Assets/Kenney Assets/FantasyTownProcessed/tree.obj using Guid(50c8c740023493e48a752bf6beed6688) Importer(2089858483,0ecaa5967403d082aa24f35e1b516d23)  -> (artifact id: 'be435a63fbe75674c361267830b08513') in 0.108506 seconds
Number of updated asset objects reloaded before import = 0
Number of asset objects unloaded after import = 9
========================================================================
Received Import Request.
  Time since last request: 0.000045 seconds.
  path: Assets/Kenney Assets/FantasyTownProcessed/wallCornerDetail.obj
  artifactKey: Guid(135d14e2d740b0643997adc6e56993c3) Importer(2089858483,0ecaa5967403d082aa24f35e1b516d23)
Start importing Assets/Kenney Assets/FantasyTownProcessed/wallCornerDetail.obj using Guid(135d14e2d740b0643997adc6e56993c3) Importer(2089858483,0ecaa5967403d082aa24f35e1b516d23)  -> (artifact id: '5130bdf331e8298340710b82f2d90742') in 0.032644 seconds
Number of updated asset objects reloaded before import = 0
Number of asset objects unloaded after import = 9
========================================================================
Received Import Request.
  Time since last request: 0.000031 seconds.
  path: Assets/Kenney Assets/FantasyTownProcessed/wallBlock.obj
  artifactKey: Guid(07320f43aa78db04883b2055ead1d2fa) Importer(2089858483,0ecaa5967403d082aa24f35e1b516d23)
Start importing Assets/Kenney Assets/FantasyTownProcessed/wallBlock.obj using Guid(07320f43aa78db04883b2055ead1d2fa) Importer(2089858483,0ecaa5967403d082aa24f35e1b516d23)  -> (artifact id: '4d9b47484be49aa302675797446e5faa') in 0.060992 seconds
Number of updated asset objects reloaded before import = 0
Number of asset objects unloaded after import = 9
========================================================================
Received Import Request.
  Time since last request: 0.000028 seconds.
  path: Assets/Kenney Assets/FantasyTownProcessed/roofHighFlat.obj
  artifactKey: Guid(86fed584d47cf1a43976bdabe565c2cf) Importer(2089858483,0ecaa5967403d082aa24f35e1b516d23)
Start importing Assets/Kenney Assets/FantasyTownProcessed/roofHighFlat.obj using Guid(86fed584d47cf1a43976bdabe565c2cf) Importer(2089858483,0ecaa5967403d082aa24f35e1b516d23)  -> (artifact id: 'fef2a351015d1b6f0f8837df418f8666') in 0.101384 seconds
Number of updated asset objects reloaded before import = 0
Number of asset objects unloaded after import = 9
========================================================================
Received Import Request.
  Time since last request: 0.000046 seconds.
  path: Assets/Kenney Assets/FantasyTownProcessed/rockWide.obj
  artifactKey: Guid(5665023d5e77bb0439fd208c4e614ae2) Importer(2089858483,0ecaa5967403d082aa24f35e1b516d23)
Start importing Assets/Kenney Assets/FantasyTownProcessed/rockWide.obj using Guid(5665023d5e77bb0439fd208c4e614ae2) Importer(2089858483,0ecaa5967403d082aa24f35e1b516d23)  -> (artifact id: '9246b1b57fc7e99fe26c94c0dc720e58') in 0.042006 seconds
Number of updated asset objects reloaded before import = 0
Number of asset objects unloaded after import = 9
========================================================================
Received Import Request.
  Time since last request: 0.000036 seconds.
  path: Assets/Kenney Assets/FantasyTownProcessed/roofHighPoint.obj
  artifactKey: Guid(7e16c0a4e48789c4c8f4f55aa49e18f5) Importer(2089858483,0ecaa5967403d082aa24f35e1b516d23)
Start importing Assets/Kenney Assets/FantasyTownProcessed/roofHighPoint.obj using Guid(7e16c0a4e48789c4c8f4f55aa49e18f5) Importer(2089858483,0ecaa5967403d082aa24f35e1b516d23)  -> (artifact id: '45acbf818d4c098e232fd5aade5232dc') in 0.037817 seconds
Number of updated asset objects reloaded before import = 0
Number of asset objects unloaded after import = 9
========================================================================
Received Import Request.
  Time since last request: 0.000035 seconds.
  path: Assets/Prefabs/ProceduralSimpleBuilding.prefab
  artifactKey: Guid(fee6c2ac503a81e4cb074a72365b79d0) Importer(2089858483,0ecaa5967403d082aa24f35e1b516d23)
Start importing Assets/Prefabs/ProceduralSimpleBuilding.prefab using Guid(fee6c2ac503a81e4cb074a72365b79d0) Importer(2089858483,0ecaa5967403d082aa24f35e1b516d23)  -> (artifact id: '29f33e560920e25090b7d2162b1f487f') in 0.191031 seconds
Number of updated asset objects reloaded before import = 0
Number of asset objects unloaded after import = 175
========================================================================
Received Import Request.
  Time since last request: 0.000065 seconds.
  path: Assets/HDRPDefaultResources/Skin Diffusion Profile.asset
  artifactKey: Guid(a977e3533db24ad4fae10329457b8dab) Importer(2089858483,0ecaa5967403d082aa24f35e1b516d23)
Start importing Assets/HDRPDefaultResources/Skin Diffusion Profile.asset using Guid(a977e3533db24ad4fae10329457b8dab) Importer(2089858483,0ecaa5967403d082aa24f35e1b516d23)  -> (artifact id: 'c8db6e708f58b843b4bfcaa7c8e4da10') in 0.023306 seconds
Number of updated asset objects reloaded before import = 0
Number of asset objects unloaded after import = 1
========================================================================
Received Import Request.
  Time since last request: 0.000061 seconds.
  path: Assets/Kenney Assets/FantasyTownProcessed/hedge.obj
  artifactKey: Guid(4f46c7c753b7ebb4dbedc5122c9ff90b) Importer(2089858483,0ecaa5967403d082aa24f35e1b516d23)
Start importing Assets/Kenney Assets/FantasyTownProcessed/hedge.obj using Guid(4f46c7c753b7ebb4dbedc5122c9ff90b) Importer(2089858483,0ecaa5967403d082aa24f35e1b516d23)  -> (artifact id: '12d72d6a01dd6abf25e5ae0da4fb4b3d') in 0.172205 seconds
Number of updated asset objects reloaded before import = 0
Number of asset objects unloaded after import = 9
========================================================================
Received Import Request.
  Time since last request: 0.000041 seconds.
  path: Assets/Kenney Assets/FantasyTownProcessed/wallSlope.obj
  artifactKey: Guid(fd1add45024b23d488ece3203ed7dad7) Importer(2089858483,0ecaa5967403d082aa24f35e1b516d23)
Start importing Assets/Kenney Assets/FantasyTownProcessed/wallSlope.obj using Guid(fd1add45024b23d488ece3203ed7dad7) Importer(2089858483,0ecaa5967403d082aa24f35e1b516d23)  -> (artifact id: '5779bf0e4ee1e973aacccdd8c57a1b0f') in 0.171183 seconds
Number of updated asset objects reloaded before import = 0
Number of asset objects unloaded after import = 9
========================================================================
Received Import Request.
  Time since last request: 0.000105 seconds.
  path: Assets/Kenney Assets/FantasyTownProcessed/roofFlat.obj
  artifactKey: Guid(20ce4895fadfac84d827e8a2db9526f6) Importer(2089858483,0ecaa5967403d082aa24f35e1b516d23)
Start importing Assets/Kenney Assets/FantasyTownProcessed/roofFlat.obj using Guid(20ce4895fadfac84d827e8a2db9526f6) Importer(2089858483,0ecaa5967403d082aa24f35e1b516d23)  -> (artifact id: '7fd2b2c6d29b6c22d5005ff7bd5831f8') in 0.067291 seconds
Number of updated asset objects reloaded before import = 0
Number of asset objects unloaded after import = 9
========================================================================
Received Import Request.
  Time since last request: 0.000048 seconds.
  path: Assets/Kenney Assets/FantasyTownProcessed/rockSmall.obj
  artifactKey: Guid(17f4b79a09b90a04c86a789027d2fbfe) Importer(2089858483,0ecaa5967403d082aa24f35e1b516d23)
Start importing Assets/Kenney Assets/FantasyTownProcessed/rockSmall.obj using Guid(17f4b79a09b90a04c86a789027d2fbfe) Importer(2089858483,0ecaa5967403d082aa24f35e1b516d23)  -> (artifact id: 'd72e44ccceaa668e685d7dae31a7a6bc') in 0.049815 seconds
Number of updated asset objects reloaded before import = 0
Number of asset objects unloaded after import = 9
========================================================================
Received Import Request.
  Time since last request: 0.000063 seconds.
  path: Assets/Kenney Assets/FantasyTownProcessed/treeHighCrooked.obj
  artifactKey: Guid(1514326a295d97242a48237e04d41778) Importer(2089858483,0ecaa5967403d082aa24f35e1b516d23)
Start importing Assets/Kenney Assets/FantasyTownProcessed/treeHighCrooked.obj using Guid(1514326a295d97242a48237e04d41778) Importer(2089858483,0ecaa5967403d082aa24f35e1b516d23)  -> (artifact id: 'bc21e2cda9f7d45e56b956d34bb72cd6') in 0.043320 seconds
Number of updated asset objects reloaded before import = 0
Number of asset objects unloaded after import = 9
========================================================================
Received Import Request.
  Time since last request: 0.000059 seconds.
  path: Assets/Kenney Assets/FantasyTownProcessed/hedgeGate.obj
  artifactKey: Guid(6d972bd27e3e28042be4fcd9c6b46cc1) Importer(2089858483,0ecaa5967403d082aa24f35e1b516d23)
Start importing Assets/Kenney Assets/FantasyTownProcessed/hedgeGate.obj using Guid(6d972bd27e3e28042be4fcd9c6b46cc1) Importer(2089858483,0ecaa5967403d082aa24f35e1b516d23)  -> (artifact id: '95f25cbfb1580b1f4bcf4a05c525099e') in 0.069854 seconds
Number of updated asset objects reloaded before import = 0
Number of asset objects unloaded after import = 9
========================================================================
Received Import Request.
  Time since last request: 0.000031 seconds.
  path: Assets/Kenney Assets/FantasyTownProcessed/roofGableDetail.obj
  artifactKey: Guid(2bb49f8c9a73f0b4796d568d16ff28c2) Importer(2089858483,0ecaa5967403d082aa24f35e1b516d23)
Start importing Assets/Kenney Assets/FantasyTownProcessed/roofGableDetail.obj using Guid(2bb49f8c9a73f0b4796d568d16ff28c2) Importer(2089858483,0ecaa5967403d082aa24f35e1b516d23)  -> (artifact id: '1fb7abb92efe815074531039ffdd2740') in 0.073291 seconds
Number of updated asset objects reloaded before import = 0
Number of asset objects unloaded after import = 9
========================================================================
Received Import Request.
  Time since last request: 0.000041 seconds.
  path: Assets/Kenney Assets/FantasyTownProcessed/wallWoodCorner.obj
  artifactKey: Guid(8d80256d3ec7d5846a31085844ae21c9) Importer(2089858483,0ecaa5967403d082aa24f35e1b516d23)
Start importing Assets/Kenney Assets/FantasyTownProcessed/wallWoodCorner.obj using Guid(8d80256d3ec7d5846a31085844ae21c9) Importer(2089858483,0ecaa5967403d082aa24f35e1b516d23)  -> (artifact id: '129c2c803bbbc6fbd38e67eba30d103e') in 0.072418 seconds
Number of updated asset objects reloaded before import = 0
Number of asset objects unloaded after import = 9
========================================================================
Received Import Request.
  Time since last request: 0.000037 seconds.
  path: Assets/Kenney Assets/FantasyTownProcessed/wallDoorwaySquareWide.obj
  artifactKey: Guid(c6b167e387eed6247bb053678e1db1e0) Importer(2089858483,0ecaa5967403d082aa24f35e1b516d23)
Start importing Assets/Kenney Assets/FantasyTownProcessed/wallDoorwaySquareWide.obj using Guid(c6b167e387eed6247bb053678e1db1e0) Importer(2089858483,0ecaa5967403d082aa24f35e1b516d23)  -> (artifact id: 'a0ae95959ed502001d54009c9787561a') in 0.092097 seconds
Number of updated asset objects reloaded before import = 0
Number of asset objects unloaded after import = 9
========================================================================
Received Import Request.
  Time since last request: 0.000036 seconds.
  path: Assets/Kenney Assets/FantasyTownProcessed/stallBench.obj
  artifactKey: Guid(d4b21035f4ac0f041ad9852eeb2231a9) Importer(2089858483,0ecaa5967403d082aa24f35e1b516d23)
Start importing Assets/Kenney Assets/FantasyTownProcessed/stallBench.obj using Guid(d4b21035f4ac0f041ad9852eeb2231a9) Importer(2089858483,0ecaa5967403d082aa24f35e1b516d23)  -> (artifact id: '7e666c62df5348250c83b58b4f26c89b') in 0.248742 seconds
Number of updated asset objects reloaded before import = 0
Number of asset objects unloaded after import = 9
========================================================================
Received Import Request.
  Time since last request: 0.000068 seconds.
  path: Assets/Kenney Assets/FantasyTownProcessed/wallWoodCurved.obj
  artifactKey: Guid(53b9582f2a441fd42b68d5ec47d0e2ea) Importer(2089858483,0ecaa5967403d082aa24f35e1b516d23)
Start importing Assets/Kenney Assets/FantasyTownProcessed/wallWoodCurved.obj using Guid(53b9582f2a441fd42b68d5ec47d0e2ea) Importer(2089858483,0ecaa5967403d082aa24f35e1b516d23)  -> (artifact id: '6d344da6d48c807b1afe7a7d728e74ff') in 0.046109 seconds
Number of updated asset objects reloaded before import = 0
Number of asset objects unloaded after import = 9
========================================================================
Received Import Request.
  Time since last request: 0.000071 seconds.
  path: Assets/Kenney Assets/FantasyTownProcessed/stallRed.obj
  artifactKey: Guid(1faa149efe2758e479e5280b580f413d) Importer(2089858483,0ecaa5967403d082aa24f35e1b516d23)
Start importing Assets/Kenney Assets/FantasyTownProcessed/stallRed.obj using Guid(1faa149efe2758e479e5280b580f413d) Importer(2089858483,0ecaa5967403d082aa24f35e1b516d23)  -> (artifact id: '6586e3d8ce7913a2155be37ea97e3581') in 0.060451 seconds
Number of updated asset objects reloaded before import = 0
Number of asset objects unloaded after import = 9
========================================================================
Received Import Request.
  Time since last request: 0.000049 seconds.
  path: Assets/Kenney Assets/FantasyTownProcessed/fountainRoundDetail.obj
  artifactKey: Guid(745f85e7d1e2e4d48af46b43d8c9c101) Importer(2089858483,0ecaa5967403d082aa24f35e1b516d23)
Start importing Assets/Kenney Assets/FantasyTownProcessed/fountainRoundDetail.obj using Guid(745f85e7d1e2e4d48af46b43d8c9c101) Importer(2089858483,0ecaa5967403d082aa24f35e1b516d23)  -> (artifact id: '22899b299daa9242359026271e82dca5') in 0.063720 seconds
Number of updated asset objects reloaded before import = 0
Number of asset objects unloaded after import = 9
========================================================================
Received Import Request.
  Time since last request: 0.000034 seconds.
  path: Assets/Kenney Assets/FantasyTownProcessed/wallWoodDetailHorizontal.obj
  artifactKey: Guid(14f82452b877a8945978b7090d0301f5) Importer(2089858483,0ecaa5967403d082aa24f35e1b516d23)
Start importing Assets/Kenney Assets/FantasyTownProcessed/wallWoodDetailHorizontal.obj using Guid(14f82452b877a8945978b7090d0301f5) Importer(2089858483,0ecaa5967403d082aa24f35e1b516d23)  -> (artifact id: '5ffc028fcea587fcb333efcbd16b130f') in 0.045293 seconds
Number of updated asset objects reloaded before import = 0
Number of asset objects unloaded after import = 9
========================================================================
Received Import Request.
  Time since last request: 0.000038 seconds.
  path: Assets/Scenes/Prefabs.unity
  artifactKey: Guid(343e9bacb9a56e94cb15d9ebf7f2968d) Importer(2089858483,0ecaa5967403d082aa24f35e1b516d23)
Start importing Assets/Scenes/Prefabs.unity using Guid(343e9bacb9a56e94cb15d9ebf7f2968d) Importer(2089858483,0ecaa5967403d082aa24f35e1b516d23)  -> (artifact id: '56f73eafed19b1c7249b3f1708d08210') in 0.060068 seconds
Number of updated asset objects reloaded before import = 0
Number of asset objects unloaded after import = 1
========================================================================
Received Import Request.
  Time since last request: 0.000029 seconds.
  path: Assets/Scenes/GridCity.unity
  artifactKey: Guid(9fc0d4010bbf28b4594072e72b8655ab) Importer(2089858483,0ecaa5967403d082aa24f35e1b516d23)
Start importing Assets/Scenes/GridCity.unity using Guid(9fc0d4010bbf28b4594072e72b8655ab) Importer(2089858483,0ecaa5967403d082aa24f35e1b516d23)  -> (artifact id: 'c5c1c77651487a1812aadc986a2f6a5a') in 0.044518 seconds
Number of updated asset objects reloaded before import = 0
Number of asset objects unloaded after import = 1
========================================================================
Received Import Request.
  Time since last request: 0.000066 seconds.
  path: Assets/Kenney Assets/FantasyTownProcessed/chimneyTop.obj
  artifactKey: Guid(fee511ad685d08242b337537c2d0ce72) Importer(2089858483,0ecaa5967403d082aa24f35e1b516d23)
Start importing Assets/Kenney Assets/FantasyTownProcessed/chimneyTop.obj using Guid(fee511ad685d08242b337537c2d0ce72) Importer(2089858483,0ecaa5967403d082aa24f35e1b516d23)  -> (artifact id: 'e8f09e73273e8e5465f6c96a241e2299') in 0.051357 seconds
Number of updated asset objects reloaded before import = 0
Number of asset objects unloaded after import = 9
========================================================================
Received Import Request.
  Time since last request: 0.000056 seconds.
  path: Assets/Kenney Assets/FantasyTownProcessed/roofHighGableEnd.obj
  artifactKey: Guid(2ba6f11a886de15408b553e11656ef1f) Importer(2089858483,0ecaa5967403d082aa24f35e1b516d23)
Start importing Assets/Kenney Assets/FantasyTownProcessed/roofHighGableEnd.obj using Guid(2ba6f11a886de15408b553e11656ef1f) Importer(2089858483,0ecaa5967403d082aa24f35e1b516d23)  -> (artifact id: 'ee5c68823a01abbf12cdab45f94722bc') in 0.060221 seconds
Number of updated asset objects reloaded before import = 0
Number of asset objects unloaded after import = 9
========================================================================
Received Import Request.
  Time since last request: 0.000028 seconds.
  path: Assets/Kenney Assets/FantasyTownProcessed/wallWoodWindowGlass.obj
  artifactKey: Guid(9b2d37eb222fcf14096927b622f93a31) Importer(2089858483,0ecaa5967403d082aa24f35e1b516d23)
Start importing Assets/Kenney Assets/FantasyTownProcessed/wallWoodWindowGlass.obj using Guid(9b2d37eb222fcf14096927b622f93a31) Importer(2089858483,0ecaa5967403d082aa24f35e1b516d23)  -> (artifact id: 'ad8d174412e97b09d1cadecbe539f123') in 0.126572 seconds
Number of updated asset objects reloaded before import = 0
Number of asset objects unloaded after import = 9
========================================================================
Received Import Request.
  Time since last request: 0.000039 seconds.
  path: Assets/Kenney Assets/FantasyTownProcessed/roofWindow.obj
  artifactKey: Guid(4d4c35578a8474649bb1b51e3400d3b3) Importer(2089858483,0ecaa5967403d082aa24f35e1b516d23)
Start importing Assets/Kenney Assets/FantasyTownProcessed/roofWindow.obj using Guid(4d4c35578a8474649bb1b51e3400d3b3) Importer(2089858483,0ecaa5967403d082aa24f35e1b516d23)  -> (artifact id: '0c06e5535daf531e5948cdfda5c944ad') in 0.077253 seconds
Number of updated asset objects reloaded before import = 0
Number of asset objects unloaded after import = 9
========================================================================
Received Import Request.
  Time since last request: 0.000077 seconds.
  path: Assets/Kenney Assets/FantasyTownProcessed/roadCornerInner.obj
  artifactKey: Guid(75228dc542ffe154898d192cceed9b16) Importer(2089858483,0ecaa5967403d082aa24f35e1b516d23)
Start importing Assets/Kenney Assets/FantasyTownProcessed/roadCornerInner.obj using Guid(75228dc542ffe154898d192cceed9b16) Importer(2089858483,0ecaa5967403d082aa24f35e1b516d23)  -> (artifact id: '8d7dac90b50e19e5cf00549360d6994e') in 0.045936 seconds
Number of updated asset objects reloaded before import = 0
Number of asset objects unloaded after import = 9
========================================================================
Received Import Request.
  Time since last request: 0.000046 seconds.
  path: Assets/Kenney Assets/FantasyTownProcessed/bannerGreen.obj
  artifactKey: Guid(d72734ed8069a9746b4499b0199f3073) Importer(2089858483,0ecaa5967403d082aa24f35e1b516d23)
Start importing Assets/Kenney Assets/FantasyTownProcessed/bannerGreen.obj using Guid(d72734ed8069a9746b4499b0199f3073) Importer(2089858483,0ecaa5967403d082aa24f35e1b516d23)  -> (artifact id: '5e8df31b2eda6ff937224282810f4280') in 0.056214 seconds
Number of updated asset objects reloaded before import = 0
Number of asset objects unloaded after import = 9
========================================================================
Received Import Request.
  Time since last request: 0.000093 seconds.
  path: Assets/Prefabs/BuildingBlocks/GreenRoof.prefab
  artifactKey: Guid(ee7ae2596ddf3924da8d647fe05fb617) Importer(2089858483,0ecaa5967403d082aa24f35e1b516d23)
Start importing Assets/Prefabs/BuildingBlocks/GreenRoof.prefab using Guid(ee7ae2596ddf3924da8d647fe05fb617) Importer(2089858483,0ecaa5967403d082aa24f35e1b516d23)  -> (artifact id: '9c652dec61afce0b4249a3d954ec4287') in 0.034687 seconds
Number of updated asset objects reloaded before import = 0
Number of asset objects unloaded after import = 29
========================================================================
Received Import Request.
  Time since last request: 0.000060 seconds.
  path: Assets/Kenney Assets/FantasyTownProcessed/wallWoodWindowStone.obj
  artifactKey: Guid(610fe84ebda06f24dab98578f2c15cd7) Importer(2089858483,0ecaa5967403d082aa24f35e1b516d23)
Start importing Assets/Kenney Assets/FantasyTownProcessed/wallWoodWindowStone.obj using Guid(610fe84ebda06f24dab98578f2c15cd7) Importer(2089858483,0ecaa5967403d082aa24f35e1b516d23)  -> (artifact id: '32cd1da7ec22cbd833766bd08c5d7769') in 0.085288 seconds
Number of updated asset objects reloaded before import = 0
Number of asset objects unloaded after import = 9
========================================================================
Received Import Request.
  Time since last request: 0.000057 seconds.
  path: Assets/Kenney Assets/FantasyTownProcessed/wall.obj
  artifactKey: Guid(c3e5d0244c82fb945989f037b7d6f9d8) Importer(2089858483,0ecaa5967403d082aa24f35e1b516d23)
Start importing Assets/Kenney Assets/FantasyTownProcessed/wall.obj using Guid(c3e5d0244c82fb945989f037b7d6f9d8) Importer(2089858483,0ecaa5967403d082aa24f35e1b516d23)  -> (artifact id: 'f758be779748e3d0cd16b956a2165b73') in 0.067885 seconds
Number of updated asset objects reloaded before import = 0
Number of asset objects unloaded after import = 9
========================================================================
Received Import Request.
  Time since last request: 0.000038 seconds.
  path: Assets/Kenney Assets/FantasyTownProcessed/roadCurb.obj
  artifactKey: Guid(c63d6fd6af37d3348bcae4494999f8ec) Importer(2089858483,0ecaa5967403d082aa24f35e1b516d23)
Start importing Assets/Kenney Assets/FantasyTownProcessed/roadCurb.obj using Guid(c63d6fd6af37d3348bcae4494999f8ec) Importer(2089858483,0ecaa5967403d082aa24f35e1b516d23)  -> (artifact id: 'bc9cde3f20de9cdc0091fdae0b1b9f81') in 0.056298 seconds
Number of updated asset objects reloaded before import = 0
Number of asset objects unloaded after import = 9
========================================================================
Received Import Request.
  Time since last request: 0.000039 seconds.
  path: Assets/Scripts/ModularMeshTools/RandomGenerator.cs
  artifactKey: Guid(5fd24ab55c2f53c4c87fe962d45559ec) Importer(2089858483,0ecaa5967403d082aa24f35e1b516d23)
Start importing Assets/Scripts/ModularMeshTools/RandomGenerator.cs using Guid(5fd24ab55c2f53c4c87fe962d45559ec) Importer(2089858483,0ecaa5967403d082aa24f35e1b516d23)  -> (artifact id: '58466d80bace5e24e3664debb47b9456') in 0.049313 seconds
Number of updated asset objects reloaded before import = 0
Number of asset objects unloaded after import = 1
========================================================================
Received Import Request.
  Time since last request: 0.000045 seconds.
  path: Assets/Prefabs/BuildingBlocks/Stock1.prefab
  artifactKey: Guid(4e431be3aef108b47a70fc5e9e63d133) Importer(2089858483,0ecaa5967403d082aa24f35e1b516d23)
Start importing Assets/Prefabs/BuildingBlocks/Stock1.prefab using Guid(4e431be3aef108b47a70fc5e9e63d133) Importer(2089858483,0ecaa5967403d082aa24f35e1b516d23)  -> (artifact id: '64c7acf402567fddba177efa7c99521d') in 0.017674 seconds
Number of updated asset objects reloaded before import = 0
Number of asset objects unloaded after import = 86
========================================================================
Received Import Request.
  Time since last request: 0.000049 seconds.
  path: Assets/Kenney Assets/FantasyTownProcessed/wallWoodDetailCross.obj
  artifactKey: Guid(3a6b7aeb07151e147a3bf8b4a4b1f8b9) Importer(2089858483,0ecaa5967403d082aa24f35e1b516d23)
Start importing Assets/Kenney Assets/FantasyTownProcessed/wallWoodDetailCross.obj using Guid(3a6b7aeb07151e147a3bf8b4a4b1f8b9) Importer(2089858483,0ecaa5967403d082aa24f35e1b516d23)  -> (artifact id: '08aa4f3fca13cdf1ddb2a4c906632b02') in 0.052799 seconds
Number of updated asset objects reloaded before import = 0
Number of asset objects unloaded after import = 9
========================================================================
Received Import Request.
  Time since last request: 0.000064 seconds.
  path: Assets/Substances/ProcArt-Brick-Wall-WoD-MMO_graph_0/ProcArt-Brick-Wall-WoD-MMO_normal.tga
  artifactKey: Guid(0516e04fc3c232d499e283f78ec6eb9d) Importer(2089858483,0ecaa5967403d082aa24f35e1b516d23)
Start importing Assets/Substances/ProcArt-Brick-Wall-WoD-MMO_graph_0/ProcArt-Brick-Wall-WoD-MMO_normal.tga using Guid(0516e04fc3c232d499e283f78ec6eb9d) Importer(2089858483,0ecaa5967403d082aa24f35e1b516d23)  -> (artifact id: 'd4363d0777b70468cf41ff991f349e8a') in 0.812324 seconds
Number of updated asset objects reloaded before import = 0
Number of asset objects unloaded after import = 1
========================================================================
Received Import Request.
  Time since last request: 0.000041 seconds.
  path: Assets/Substances/ProcArt-Brick-Wall-WoD-MMO_graph_0/ProcArt-Brick-Wall-WoD-MMO_height.tga
  artifactKey: Guid(4a37ab0f591f8d94380191d5f42cb59e) Importer(2089858483,0ecaa5967403d082aa24f35e1b516d23)
Start importing Assets/Substances/ProcArt-Brick-Wall-WoD-MMO_graph_0/ProcArt-Brick-Wall-WoD-MMO_height.tga using Guid(4a37ab0f591f8d94380191d5f42cb59e) Importer(2089858483,0ecaa5967403d082aa24f35e1b516d23)  -> (artifact id: '5b2ed0f31f2ac348496adcdae49efdc8') in 0.023726 seconds
Number of updated asset objects reloaded before import = 0
Number of asset objects unloaded after import = 1
========================================================================
Received Import Request.
  Time since last request: 0.000036 seconds.
  path: Assets/Kenney Assets/FantasyTownProcessed/Materials/foliage.mat
  artifactKey: Guid(479c77d43041a0d438d5ce0d62c49801) Importer(2089858483,0ecaa5967403d082aa24f35e1b516d23)
Start importing Assets/Kenney Assets/FantasyTownProcessed/Materials/foliage.mat using Guid(479c77d43041a0d438d5ce0d62c49801) Importer(2089858483,0ecaa5967403d082aa24f35e1b516d23)  -> (artifact id: 'fe726bd4d6875a8e22baf643d50d1973') in 0.166873 seconds
Number of updated asset objects reloaded before import = 0
Number of asset objects unloaded after import = 1
========================================================================
Received Import Request.
  Time since last request: 0.000034 seconds.
  path: Assets/Adobe/Substance3DForUnity/Editor/Adobe.Substance.Editor.asmdef
  artifactKey: Guid(b5520fe70c6e8e046b4383b7dd2c75c8) Importer(2089858483,0ecaa5967403d082aa24f35e1b516d23)
Start importing Assets/Adobe/Substance3DForUnity/Editor/Adobe.Substance.Editor.asmdef using Guid(b5520fe70c6e8e046b4383b7dd2c75c8) Importer(2089858483,0ecaa5967403d082aa24f35e1b516d23)  -> (artifact id: '8be8be82613562f7fceb1dec58105a1e') in 0.214999 seconds
Number of updated asset objects reloaded before import = 0
Number of asset objects unloaded after import = 1
========================================================================
Received Import Request.
  Time since last request: 0.000038 seconds.
  path: Assets/Kenney Assets/FantasyTownProcessed/wallWoodDoorwaySquareWideCurved.obj
  artifactKey: Guid(4d0584c375281b343b7933173d858c86) Importer(2089858483,0ecaa5967403d082aa24f35e1b516d23)
Start importing Assets/Kenney Assets/FantasyTownProcessed/wallWoodDoorwaySquareWideCurved.obj using Guid(4d0584c375281b343b7933173d858c86) Importer(2089858483,0ecaa5967403d082aa24f35e1b516d23)  -> (artifact id: 'f377bc5b4ebee2e8a0330997172194a5') in 0.215110 seconds
Number of updated asset objects reloaded before import = 0
Number of asset objects unloaded after import = 9
========================================================================
Received Import Request.
  Time since last request: 0.000142 seconds.
  path: Assets/Kenney Assets/FantasyTownProcessed/Materials/roofRedLight.mat
  artifactKey: Guid(be747b2c6c9b10943b1a0f4aad88dcbe) Importer(2089858483,0ecaa5967403d082aa24f35e1b516d23)
Start importing Assets/Kenney Assets/FantasyTownProcessed/Materials/roofRedLight.mat using Guid(be747b2c6c9b10943b1a0f4aad88dcbe) Importer(2089858483,0ecaa5967403d082aa24f35e1b516d23)  -> (artifact id: '59f63abd6a79f831b1bab914a6bac0c9') in 0.052128 seconds
Number of updated asset objects reloaded before import = 0
Number of asset objects unloaded after import = 1
========================================================================
Received Import Request.
  Time since last request: 0.000044 seconds.
  path: Assets/Kenney Assets/FantasyTownProcessed/wallWoodSlope.obj
  artifactKey: Guid(96a8d114ce93da040a953b0be4a10250) Importer(2089858483,0ecaa5967403d082aa24f35e1b516d23)
Start importing Assets/Kenney Assets/FantasyTownProcessed/wallWoodSlope.obj using Guid(96a8d114ce93da040a953b0be4a10250) Importer(2089858483,0ecaa5967403d082aa24f35e1b516d23)  -> (artifact id: '00c14ac06ce35fbe983f289fd9ef60bc') in 0.054684 seconds
Number of updated asset objects reloaded before import = 0
Number of asset objects unloaded after import = 9
========================================================================
Received Import Request.
  Time since last request: 0.000049 seconds.
  path: Assets/Kenney Assets/FantasyTownProcessed/wallCorner.obj
  artifactKey: Guid(c027a118bf034044eb31d31f532046af) Importer(2089858483,0ecaa5967403d082aa24f35e1b516d23)
Start importing Assets/Kenney Assets/FantasyTownProcessed/wallCorner.obj using Guid(c027a118bf034044eb31d31f532046af) Importer(2089858483,0ecaa5967403d082aa24f35e1b516d23)  -> (artifact id: '3c4cc6573285c3c22abb343e48d48a24') in 0.047992 seconds
Number of updated asset objects reloaded before import = 0
Number of asset objects unloaded after import = 9
========================================================================
Received Import Request.
  Time since last request: 0.000041 seconds.
  path: Assets/Kenney Assets/FantasyTownProcessed/roofLeft.obj
  artifactKey: Guid(df8bf5dbd262b98458bb52989a6513e0) Importer(2089858483,0ecaa5967403d082aa24f35e1b516d23)
Start importing Assets/Kenney Assets/FantasyTownProcessed/roofLeft.obj using Guid(df8bf5dbd262b98458bb52989a6513e0) Importer(2089858483,0ecaa5967403d082aa24f35e1b516d23)  -> (artifact id: 'e721b2e3350865d50cdb6f9b38df0df7') in 0.059631 seconds
Number of updated asset objects reloaded before import = 0
Number of asset objects unloaded after import = 9
========================================================================
Received Import Request.
  Time since last request: 0.000040 seconds.
  path: Assets/Scripts/ModularMeshTools/Shape.cs
  artifactKey: Guid(03543fc5e259daa40a24ea022a53bfc3) Importer(2089858483,0ecaa5967403d082aa24f35e1b516d23)
Start importing Assets/Scripts/ModularMeshTools/Shape.cs using Guid(03543fc5e259daa40a24ea022a53bfc3) Importer(2089858483,0ecaa5967403d082aa24f35e1b516d23)  -> (artifact id: '5a29fae7559faac457e03a655b073385') in 0.161698 seconds
Number of updated asset objects reloaded before import = 0
Number of asset objects unloaded after import = 1
========================================================================
Received Import Request.
  Time since last request: 0.000044 seconds.
  path: Assets/Kenney Assets/FantasyTownProcessed/wallDoor.obj
  artifactKey: Guid(e6599e1602810b44597e9f15a6f5a319) Importer(2089858483,0ecaa5967403d082aa24f35e1b516d23)
Start importing Assets/Kenney Assets/FantasyTownProcessed/wallDoor.obj using Guid(e6599e1602810b44597e9f15a6f5a319) Importer(2089858483,0ecaa5967403d082aa24f35e1b516d23)  -> (artifact id: '1ee79d6a2b97e37393ef5be499b21fe1') in 0.095996 seconds
Number of updated asset objects reloaded before import = 0
Number of asset objects unloaded after import = 14
========================================================================
Received Import Request.
  Time since last request: 0.000051 seconds.
  path: Assets/Kenney Assets/FantasyTownProcessed/stairsStoneCorner.obj
  artifactKey: Guid(f7ff47b42e983614599058ae1aee4c02) Importer(2089858483,0ecaa5967403d082aa24f35e1b516d23)
Start importing Assets/Kenney Assets/FantasyTownProcessed/stairsStoneCorner.obj using Guid(f7ff47b42e983614599058ae1aee4c02) Importer(2089858483,0ecaa5967403d082aa24f35e1b516d23)  -> (artifact id: '79219a5866bf604e92fe4bea5444270f') in 0.063942 seconds
Number of updated asset objects reloaded before import = 0
Number of asset objects unloaded after import = 9
========================================================================
Received Import Request.
  Time since last request: 0.000061 seconds.
  path: Assets/Adobe/Substance3DForUnity/Editor/Assets/S_3DCummunityAssets_18_N.png
  artifactKey: Guid(1ee05e940668f9f4c9dd8e52aba9675f) Importer(2089858483,0ecaa5967403d082aa24f35e1b516d23)
Start importing Assets/Adobe/Substance3DForUnity/Editor/Assets/S_3DCummunityAssets_18_N.png using Guid(1ee05e940668f9f4c9dd8e52aba9675f) Importer(2089858483,0ecaa5967403d082aa24f35e1b516d23)  -> (artifact id: 'fd05cf90310bbe3117b0b69bdc522a9e') in 0.063385 seconds
Number of updated asset objects reloaded before import = 0
Number of asset objects unloaded after import = 3
========================================================================
Received Import Request.
  Time since last request: 0.000031 seconds.
  path: Assets/Adobe/Substance3DForUnity/Editor/Assets/Logo_32.png
  artifactKey: Guid(0aa309be25f1381499253b908921e763) Importer(2089858483,0ecaa5967403d082aa24f35e1b516d23)
Start importing Assets/Adobe/Substance3DForUnity/Editor/Assets/Logo_32.png using Guid(0aa309be25f1381499253b908921e763) Importer(2089858483,0ecaa5967403d082aa24f35e1b516d23)  -> (artifact id: '4b47d6b16196cdd2e5ea2b0d1447a83d') in 0.097575 seconds
Number of updated asset objects reloaded before import = 0
Number of asset objects unloaded after import = 3
========================================================================
Received Import Request.
  Time since last request: 0.000033 seconds.
  path: Assets/Adobe/Substance3DForUnity/Editor/Assets/Logo_256.png
  artifactKey: Guid(cf4c0b432f60d4c42bcf5e564e5a356a) Importer(2089858483,0ecaa5967403d082aa24f35e1b516d23)
Start importing Assets/Adobe/Substance3DForUnity/Editor/Assets/Logo_256.png using Guid(cf4c0b432f60d4c42bcf5e564e5a356a) Importer(2089858483,0ecaa5967403d082aa24f35e1b516d23)  -> (artifact id: 'ca3e83305ad7d195f9b5d12b1ac96e3e') in 0.109189 seconds
Number of updated asset objects reloaded before import = 0
Number of asset objects unloaded after import = 3
========================================================================
Received Import Request.
  Time since last request: 0.000040 seconds.
  path: Assets/Kenney Assets/FantasyTownProcessed/roofGable.obj
  artifactKey: Guid(2b04f2a621f4b29488a022f64451a012) Importer(2089858483,0ecaa5967403d082aa24f35e1b516d23)
Start importing Assets/Kenney Assets/FantasyTownProcessed/roofGable.obj using Guid(2b04f2a621f4b29488a022f64451a012) Importer(2089858483,0ecaa5967403d082aa24f35e1b516d23)  -> (artifact id: '1241d80f72718adf5e9d7c404da7c7ff') in 0.052581 seconds
Number of updated asset objects reloaded before import = 0
Number of asset objects unloaded after import = 9
========================================================================
Received Import Request.
  Time since last request: 0.000037 seconds.
  path: Assets/Kenney Assets/FantasyTownProcessed/wallWoodHalf.obj
  artifactKey: Guid(fa7e4d7a46aab16428367bba5c862d27) Importer(2089858483,0ecaa5967403d082aa24f35e1b516d23)
Start importing Assets/Kenney Assets/FantasyTownProcessed/wallWoodHalf.obj using Guid(fa7e4d7a46aab16428367bba5c862d27) Importer(2089858483,0ecaa5967403d082aa24f35e1b516d23)  -> (artifact id: 'f70032581dce35f73c7d813871672717') in 0.028514 seconds
Number of updated asset objects reloaded before import = 0
Number of asset objects unloaded after import = 9
========================================================================
Received Import Request.
  Time since last request: 0.000035 seconds.
  path: Assets/Kenney Assets/FantasyTownProcessed/fountainSquare.obj
  artifactKey: Guid(a29a34f43f3530f49a131c66acee6d5d) Importer(2089858483,0ecaa5967403d082aa24f35e1b516d23)
Start importing Assets/Kenney Assets/FantasyTownProcessed/fountainSquare.obj using Guid(a29a34f43f3530f49a131c66acee6d5d) Importer(2089858483,0ecaa5967403d082aa24f35e1b516d23)  -> (artifact id: '1a0e5b6d987fefde85f7dd7127be88cf') in 0.043855 seconds
Number of updated asset objects reloaded before import = 0
Number of asset objects unloaded after import = 9
========================================================================
Received Import Request.
  Time since last request: 0.000073 seconds.
  path: Assets/Kenney Assets/FantasyTownProcessed/windmill.obj
  artifactKey: Guid(3c7fb8820dfe1fa41a0533cf996de17d) Importer(2089858483,0ecaa5967403d082aa24f35e1b516d23)
Start importing Assets/Kenney Assets/FantasyTownProcessed/windmill.obj using Guid(3c7fb8820dfe1fa41a0533cf996de17d) Importer(2089858483,0ecaa5967403d082aa24f35e1b516d23)  -> (artifact id: 'a1a50b82fa07cfdff8396e9a4765a64f') in 0.184207 seconds
Number of updated asset objects reloaded before import = 0
Number of asset objects unloaded after import = 9
========================================================================
Received Import Request.
  Time since last request: 0.000040 seconds.
  path: Assets/Adobe/Substance3DForUnity/Runtime/Plugins/libsubstance_linker.dylib
  artifactKey: Guid(3325deba0a25449c5bd2426efc23e7ed) Importer(2089858483,0ecaa5967403d082aa24f35e1b516d23)
Start importing Assets/Adobe/Substance3DForUnity/Runtime/Plugins/libsubstance_linker.dylib using Guid(3325deba0a25449c5bd2426efc23e7ed) Importer(2089858483,0ecaa5967403d082aa24f35e1b516d23)  -> (artifact id: '0f8c6595ae5b2cc9240b090cd9eb4f97') in 0.054913 seconds
Number of updated asset objects reloaded before import = 0
Number of asset objects unloaded after import = 1
========================================================================
Received Import Request.
  Time since last request: 0.000215 seconds.
  path: Assets/Kenney Assets/FantasyTownProcessed/roofHighGable.obj
  artifactKey: Guid(12d72c5bd01e8084d912dc81e3b2da0a) Importer(2089858483,0ecaa5967403d082aa24f35e1b516d23)
Start importing Assets/Kenney Assets/FantasyTownProcessed/roofHighGable.obj using Guid(12d72c5bd01e8084d912dc81e3b2da0a) Importer(2089858483,0ecaa5967403d082aa24f35e1b516d23)  -> (artifact id: '292599f65578dcbe555225d6686f0eb3') in 0.075334 seconds
Number of updated asset objects reloaded before import = 0
Number of asset objects unloaded after import = 9
========================================================================
Received Import Request.
  Time since last request: 0.000153 seconds.
  path: Assets/Adobe/Substance3DForUnity/Runtime/Plugins/sbsario.dll
  artifactKey: Guid(6e45d854f55a342e6b904a84e42d4e69) Importer(2089858483,0ecaa5967403d082aa24f35e1b516d23)
Start importing Assets/Adobe/Substance3DForUnity/Runtime/Plugins/sbsario.dll using Guid(6e45d854f55a342e6b904a84e42d4e69) Importer(2089858483,0ecaa5967403d082aa24f35e1b516d23)  -> (artifact id: 'ce748048bba6eea32d956aa07cf107da') in 0.015682 seconds
Number of updated asset objects reloaded before import = 0
Number of asset objects unloaded after import = 1
========================================================================
Received Import Request.
  Time since last request: 0.000040 seconds.
  path: Assets/Adobe/Substance3DForUnity/Runtime/Plugins/substance_linker.dll
  artifactKey: Guid(0634149143729f44a8289f223ec04b08) Importer(2089858483,0ecaa5967403d082aa24f35e1b516d23)
Start importing Assets/Adobe/Substance3DForUnity/Runtime/Plugins/substance_linker.dll using Guid(0634149143729f44a8289f223ec04b08) Importer(2089858483,0ecaa5967403d082aa24f35e1b516d23)  -> (artifact id: 'ec3937bb711612e5b8735d168a0388dd') in 0.017017 seconds
Number of updated asset objects reloaded before import = 0
Number of asset objects unloaded after import = 1
========================================================================
Received Import Request.
  Time since last request: 0.000039 seconds.
  path: Assets/Kenney Assets/FantasyTownProcessed/wallSide.obj
  artifactKey: Guid(62e04e177e67dce4a9d0904b92464aa3) Importer(2089858483,0ecaa5967403d082aa24f35e1b516d23)
Start importing Assets/Kenney Assets/FantasyTownProcessed/wallSide.obj using Guid(62e04e177e67dce4a9d0904b92464aa3) Importer(2089858483,0ecaa5967403d082aa24f35e1b516d23)  -> (artifact id: '840727c6880ed0b7e9323539f36036f6') in 0.072296 seconds
Number of updated asset objects reloaded before import = 0
Number of asset objects unloaded after import = 9
========================================================================
Received Import Request.
  Time since last request: 0.000058 seconds.
  path: Assets/Kenney Assets/FantasyTownProcessed/treeHighRound.obj
  artifactKey: Guid(ea807426109dd6a41b1754ba11d95ffe) Importer(2089858483,0ecaa5967403d082aa24f35e1b516d23)
Start importing Assets/Kenney Assets/FantasyTownProcessed/treeHighRound.obj using Guid(ea807426109dd6a41b1754ba11d95ffe) Importer(2089858483,0ecaa5967403d082aa24f35e1b516d23)  -> (artifact id: '84bcd94584c7a14e61929259937d401d') in 0.048197 seconds
Number of updated asset objects reloaded before import = 0
Number of asset objects unloaded after import = 9
========================================================================
Received Import Request.
  Time since last request: 0.000074 seconds.
  path: Assets/Adobe/Substance3DForUnity/Runtime/Scripts/NativeMethods.cs
  artifactKey: Guid(c2acf0fc87821724f9a375683712fe70) Importer(2089858483,0ecaa5967403d082aa24f35e1b516d23)
Start importing Assets/Adobe/Substance3DForUnity/Runtime/Scripts/NativeMethods.cs using Guid(c2acf0fc87821724f9a375683712fe70) Importer(2089858483,0ecaa5967403d082aa24f35e1b516d23)  -> (artifact id: '30faeda5d87d8df046f1d43bc8eaa1ed') in 0.034070 seconds
Number of updated asset objects reloaded before import = 0
Number of asset objects unloaded after import = 1
========================================================================
Received Import Request.
  Time since last request: 0.000160 seconds.
  path: Assets/Kenney Assets/FantasyTownProcessed/wallWoodArch.obj
  artifactKey: Guid(555bf932363e5d34188f302e045429aa) Importer(2089858483,0ecaa5967403d082aa24f35e1b516d23)
Start importing Assets/Kenney Assets/FantasyTownProcessed/wallWoodArch.obj using Guid(555bf932363e5d34188f302e045429aa) Importer(2089858483,0ecaa5967403d082aa24f35e1b516d23)  -> (artifact id: '6028137bc4d381fc7d054f7573240f77') in 0.058030 seconds
Number of updated asset objects reloaded before import = 0
Number of asset objects unloaded after import = 9
========================================================================
Received Import Request.
  Time since last request: 0.000030 seconds.
  path: Assets/Adobe/Substance3DForUnity/Editor/Scripts/Extensions/SubstanceGraphSOExtensions.cs
  artifactKey: Guid(36f38a90f11f0544a89dffe1f5752bae) Importer(2089858483,0ecaa5967403d082aa24f35e1b516d23)
Start importing Assets/Adobe/Substance3DForUnity/Editor/Scripts/Extensions/SubstanceGraphSOExtensions.cs using Guid(36f38a90f11f0544a89dffe1f5752bae) Importer(2089858483,0ecaa5967403d082aa24f35e1b516d23)  -> (artifact id: 'b48f1aea53f0e1965e0cee07335bf9ca') in 0.055902 seconds
Number of updated asset objects reloaded before import = 0
Number of asset objects unloaded after import = 1
========================================================================
Received Import Request.
  Time since last request: 0.000042 seconds.
  path: Assets/Adobe/Substance3DForUnity/Editor/Scripts/Package/UnityPackageInfo.cs
  artifactKey: Guid(72cba7e39e029164f841301c6320fd30) Importer(2089858483,0ecaa5967403d082aa24f35e1b516d23)
Start importing Assets/Adobe/Substance3DForUnity/Editor/Scripts/Package/UnityPackageInfo.cs using Guid(72cba7e39e029164f841301c6320fd30) Importer(2089858483,0ecaa5967403d082aa24f35e1b516d23)  -> (artifact id: 'c9164f6369ba6a339a1d2d5210677f3f') in 0.032363 seconds
Number of updated asset objects reloaded before import = 0
Number of asset objects unloaded after import = 1
========================================================================
Received Import Request.
  Time since last request: 0.000069 seconds.
  path: Assets/Adobe/Substance3DForUnity/Runtime/Adobe.Substance.asmdef
  artifactKey: Guid(0322a29457affe94ab4ade0a1555000f) Importer(2089858483,0ecaa5967403d082aa24f35e1b516d23)
Start importing Assets/Adobe/Substance3DForUnity/Runtime/Adobe.Substance.asmdef using Guid(0322a29457affe94ab4ade0a1555000f) Importer(2089858483,0ecaa5967403d082aa24f35e1b516d23)  -> (artifact id: '1e7b1878d947765b43dfc577460d5cd0') in 0.132645 seconds
Number of updated asset objects reloaded before import = 0
Number of asset objects unloaded after import = 1
========================================================================
Received Import Request.
  Time since last request: 0.000065 seconds.
  path: Assets/Kenney Assets/FantasyTownProcessed/wallWoodDoorwaySquareWide.obj
  artifactKey: Guid(2e7d39ff4a948d94a917b77410a571ad) Importer(2089858483,0ecaa5967403d082aa24f35e1b516d23)
Start importing Assets/Kenney Assets/FantasyTownProcessed/wallWoodDoorwaySquareWide.obj using Guid(2e7d39ff4a948d94a917b77410a571ad) Importer(2089858483,0ecaa5967403d082aa24f35e1b516d23)  -> (artifact id: '257e0ef2da34bdb27cfed131e79d235d') in 0.087006 seconds
Number of updated asset objects reloaded before import = 0
Number of asset objects unloaded after import = 9
========================================================================
Received Import Request.
  Time since last request: 0.000039 seconds.
  path: Assets/Adobe/Substance3DForUnity/Editor/Scripts/PropertyDrawers/SubstanceInputDrawerFloat2.cs
  artifactKey: Guid(a184eff873fa9f04a9cb3c6e7a45656c) Importer(2089858483,0ecaa5967403d082aa24f35e1b516d23)
Start importing Assets/Adobe/Substance3DForUnity/Editor/Scripts/PropertyDrawers/SubstanceInputDrawerFloat2.cs using Guid(a184eff873fa9f04a9cb3c6e7a45656c) Importer(2089858483,0ecaa5967403d082aa24f35e1b516d23)  -> (artifact id: '823a90968a9c0a8aeec701a0e1fc79c9') in 0.062108 seconds
Number of updated asset objects reloaded before import = 0
Number of asset objects unloaded after import = 1
========================================================================
Received Import Request.
  Time since last request: 0.000080 seconds.
  path: Assets/Kenney Assets/FantasyTownProcessed/Materials/woodDark.mat
  artifactKey: Guid(8fc64a1b6ed399a41a5cf82d0ccd6d43) Importer(2089858483,0ecaa5967403d082aa24f35e1b516d23)
Start importing Assets/Kenney Assets/FantasyTownProcessed/Materials/woodDark.mat using Guid(8fc64a1b6ed399a41a5cf82d0ccd6d43) Importer(2089858483,0ecaa5967403d082aa24f35e1b516d23)  -> (artifact id: '6419304b17c03cc4d7740a86b71e5e26') in 0.069280 seconds
Number of updated asset objects reloaded before import = 0
Number of asset objects unloaded after import = 1
========================================================================
Received Import Request.
  Time since last request: 0.000161 seconds.
  path: Assets/Kenney Assets/FantasyTownProcessed/wallDetailHorizontal.obj
  artifactKey: Guid(84e5114d12c20464080b24e94f6faf23) Importer(2089858483,0ecaa5967403d082aa24f35e1b516d23)
Start importing Assets/Kenney Assets/FantasyTownProcessed/wallDetailHorizontal.obj using Guid(84e5114d12c20464080b24e94f6faf23) Importer(2089858483,0ecaa5967403d082aa24f35e1b516d23)  -> (artifact id: 'dfa18249432f5f0dccd770b5a6fa8dc7') in 0.059007 seconds
Number of updated asset objects reloaded before import = 0
Number of asset objects unloaded after import = 9
========================================================================
Received Import Request.
  Time since last request: 0.000053 seconds.
  path: Assets/Adobe/Substance3DForUnity/Editor/Scripts/Utilities/EditorDrawUtilities.cs
  artifactKey: Guid(7fb287e26604e6d4493b8ad922d4b790) Importer(2089858483,0ecaa5967403d082aa24f35e1b516d23)
Start importing Assets/Adobe/Substance3DForUnity/Editor/Scripts/Utilities/EditorDrawUtilities.cs using Guid(7fb287e26604e6d4493b8ad922d4b790) Importer(2089858483,0ecaa5967403d082aa24f35e1b516d23)  -> (artifact id: '00d3f3cab23c8b666b0354a96d2801f5') in 0.113508 seconds
Number of updated asset objects reloaded before import = 0
Number of asset objects unloaded after import = 1
========================================================================
Received Import Request.
  Time since last request: 0.000079 seconds.
  path: Assets/Scripts/ExampleGrammars/SimpleBuilding/SimpleBuilding.cs
  artifactKey: Guid(6f1ee5bf00f6689448756671194e04f4) Importer(2089858483,0ecaa5967403d082aa24f35e1b516d23)
Start importing Assets/Scripts/ExampleGrammars/SimpleBuilding/SimpleBuilding.cs using Guid(6f1ee5bf00f6689448756671194e04f4) Importer(2089858483,0ecaa5967403d082aa24f35e1b516d23)  -> (artifact id: 'eb9da9ce4314588a7142359e06eaa974') in 0.020863 seconds
Number of updated asset objects reloaded before import = 0
Number of asset objects unloaded after import = 1
========================================================================
Received Import Request.
  Time since last request: 0.000046 seconds.
  path: Assets/Adobe/Substance3DForUnity/Editor/Scripts/SubstanceFileEditor.cs
  artifactKey: Guid(812ebf7eca2a66e4c989c54c5e8b9e8f) Importer(2089858483,0ecaa5967403d082aa24f35e1b516d23)
Start importing Assets/Adobe/Substance3DForUnity/Editor/Scripts/SubstanceFileEditor.cs using Guid(812ebf7eca2a66e4c989c54c5e8b9e8f) Importer(2089858483,0ecaa5967403d082aa24f35e1b516d23)  -> (artifact id: '3717ae3d9da74899255584603e0ffa83') in 0.022865 seconds
Number of updated asset objects reloaded before import = 0
Number of asset objects unloaded after import = 1
========================================================================
Received Import Request.
  Time since last request: 0.000101 seconds.
  path: Assets/Kenney Assets/FantasyTownProcessed/chimneyBase.obj
  artifactKey: Guid(4decee3744e61324fb5c2979db3bc3bd) Importer(2089858483,0ecaa5967403d082aa24f35e1b516d23)
Start importing Assets/Kenney Assets/FantasyTownProcessed/chimneyBase.obj using Guid(4decee3744e61324fb5c2979db3bc3bd) Importer(2089858483,0ecaa5967403d082aa24f35e1b516d23)  -> (artifact id: 'a9de8ebb15751d1a3230ecf865a381fb') in 0.062049 seconds
Number of updated asset objects reloaded before import = 0
Number of asset objects unloaded after import = 9
========================================================================
Received Import Request.
  Time since last request: 0.000058 seconds.
  path: Assets/Adobe/Substance3DForUnity/Editor/Scripts/SubstanceEditorEngine.cs
  artifactKey: Guid(83f5cf3931946de4da5f6a2138701f02) Importer(2089858483,0ecaa5967403d082aa24f35e1b516d23)
Start importing Assets/Adobe/Substance3DForUnity/Editor/Scripts/SubstanceEditorEngine.cs using Guid(83f5cf3931946de4da5f6a2138701f02) Importer(2089858483,0ecaa5967403d082aa24f35e1b516d23)  -> (artifact id: '0f8d9fe355ad0c3693cf471019a59386') in 0.092137 seconds
Number of updated asset objects reloaded before import = 0
Number of asset objects unloaded after import = 1
========================================================================
Received Import Request.
  Time since last request: 0.000092 seconds.
  path: Assets/Kenney Assets/FantasyTownProcessed/wallCornerDiagonalHalf.obj
  artifactKey: Guid(6d38c4808b85f714fa0077ca0d13e6a5) Importer(2089858483,0ecaa5967403d082aa24f35e1b516d23)
Start importing Assets/Kenney Assets/FantasyTownProcessed/wallCornerDiagonalHalf.obj using Guid(6d38c4808b85f714fa0077ca0d13e6a5) Importer(2089858483,0ecaa5967403d082aa24f35e1b516d23)  -> (artifact id: 'f65f360b6ac42d211aff4be0b6491cb3') in 0.037067 seconds
Number of updated asset objects reloaded before import = 0
Number of asset objects unloaded after import = 9
========================================================================
Received Import Request.
  Time since last request: 0.000031 seconds.
  path: Assets/Kenney Assets/FantasyTownProcessed/stall.obj
  artifactKey: Guid(ae38115aaf5c2ea4793135304a20e914) Importer(2089858483,0ecaa5967403d082aa24f35e1b516d23)
Start importing Assets/Kenney Assets/FantasyTownProcessed/stall.obj using Guid(ae38115aaf5c2ea4793135304a20e914) Importer(2089858483,0ecaa5967403d082aa24f35e1b516d23)  -> (artifact id: 'a43ff2a5b49f1e4b9f55144d11dac2c8') in 0.048159 seconds
Number of updated asset objects reloaded before import = 0
Number of asset objects unloaded after import = 9
========================================================================
Received Import Request.
  Time since last request: 0.000077 seconds.
  path: Assets/Kenney Assets/FantasyTownProcessed/wallWindowRound.obj
  artifactKey: Guid(7e60e7d36b402464f82cc1dc0fbb2c8a) Importer(2089858483,0ecaa5967403d082aa24f35e1b516d23)
Start importing Assets/Kenney Assets/FantasyTownProcessed/wallWindowRound.obj using Guid(7e60e7d36b402464f82cc1dc0fbb2c8a) Importer(2089858483,0ecaa5967403d082aa24f35e1b516d23)  -> (artifact id: 'c462bef998aa65c286952f1746d7e97d') in 0.060429 seconds
Number of updated asset objects reloaded before import = 0
Number of asset objects unloaded after import = 9
========================================================================
Received Import Request.
  Time since last request: 0.000060 seconds.
  path: Assets/Adobe/Substance3DForUnity/Runtime/Plugins/iOS/libsbsario_details.a
  artifactKey: Guid(e08a9991e3778e64c9323d393fbd26d9) Importer(2089858483,0ecaa5967403d082aa24f35e1b516d23)
Start importing Assets/Adobe/Substance3DForUnity/Runtime/Plugins/iOS/libsbsario_details.a using Guid(e08a9991e3778e64c9323d393fbd26d9) Importer(2089858483,0ecaa5967403d082aa24f35e1b516d23)  -> (artifact id: 'd8b4e6bc76fb8f0ae9bdad19aee142ee') in 0.051430 seconds
Number of updated asset objects reloaded before import = 0
Number of asset objects unloaded after import = 1
========================================================================
Received Import Request.
  Time since last request: 0.000126 seconds.
  path: Assets/Adobe/Substance3DForUnity/Runtime/Plugins/iOS/libsubstance_neon_blend.a
  artifactKey: Guid(b7d6442d267fd094ebd9e94276c83b69) Importer(2089858483,0ecaa5967403d082aa24f35e1b516d23)
Start importing Assets/Adobe/Substance3DForUnity/Runtime/Plugins/iOS/libsubstance_neon_blend.a using Guid(b7d6442d267fd094ebd9e94276c83b69) Importer(2089858483,0ecaa5967403d082aa24f35e1b516d23)  -> (artifact id: '39f68f44a362239d5b0dfb42f463b234') in 0.027114 seconds
Number of updated asset objects reloaded before import = 0
Number of asset objects unloaded after import = 1
========================================================================
Received Import Request.
  Time since last request: 0.000046 seconds.
  path: Assets/HDRPDefaultResources/HDRenderPipelineAsset.asset
  artifactKey: Guid(ca622283bf04b43408d0d819efeaaa6d) Importer(2089858483,0ecaa5967403d082aa24f35e1b516d23)
Start importing Assets/HDRPDefaultResources/HDRenderPipelineAsset.asset using Guid(ca622283bf04b43408d0d819efeaaa6d) Importer(2089858483,0ecaa5967403d082aa24f35e1b516d23)  -> (artifact id: 'b7d5a89184fd17c68061f3fbb50a0db9') in 0.125087 seconds
Number of updated asset objects reloaded before import = 0
Number of asset objects unloaded after import = 1
========================================================================
Received Import Request.
  Time since last request: 0.000087 seconds.
  path: Assets/Adobe/Substance3DForUnity/Runtime/Runtime/Scripts/SubstanceRuntimeGraph.cs
  artifactKey: Guid(e55000a806abc674ab02756e3975eaf7) Importer(2089858483,0ecaa5967403d082aa24f35e1b516d23)
Start importing Assets/Adobe/Substance3DForUnity/Runtime/Runtime/Scripts/SubstanceRuntimeGraph.cs using Guid(e55000a806abc674ab02756e3975eaf7) Importer(2089858483,0ecaa5967403d082aa24f35e1b516d23)  -> (artifact id: '48649f9238b97b067a6556f3f81eb179') in 0.028085 seconds
Number of updated asset objects reloaded before import = 0
Number of asset objects unloaded after import = 1
========================================================================
Received Import Request.
  Time since last request: 0.000065 seconds.
  path: Assets/Adobe/Substance3DForUnity/Runtime/Scripts/Exceptions/SubstanceException.cs
  artifactKey: Guid(09b34d2c2d194da42bec016057a9ba68) Importer(2089858483,0ecaa5967403d082aa24f35e1b516d23)
Start importing Assets/Adobe/Substance3DForUnity/Runtime/Scripts/Exceptions/SubstanceException.cs using Guid(09b34d2c2d194da42bec016057a9ba68) Importer(2089858483,0ecaa5967403d082aa24f35e1b516d23)  -> (artifact id: 'e2d1758d0128f0613e733d506f36f3b1') in 0.048379 seconds
Number of updated asset objects reloaded before import = 0
Number of asset objects unloaded after import = 1
========================================================================
Received Import Request.
  Time since last request: 0.000084 seconds.
  path: Assets/Kenney Assets/FantasyTownProcessed/roof.obj
  artifactKey: Guid(aaeaf3decacda0340822c25b54525724) Importer(2089858483,0ecaa5967403d082aa24f35e1b516d23)
Start importing Assets/Kenney Assets/FantasyTownProcessed/roof.obj using Guid(aaeaf3decacda0340822c25b54525724) Importer(2089858483,0ecaa5967403d082aa24f35e1b516d23)  -> (artifact id: 'ff5ff40c0c44b93b725caa27f975d7a2') in 0.033904 seconds
Number of updated asset objects reloaded before import = 0
Number of asset objects unloaded after import = 9
========================================================================
Received Import Request.
  Time since last request: 0.000059 seconds.
  path: Assets/Kenney Assets/FantasyTownProcessed/roadEdgeSlope.obj
  artifactKey: Guid(155d55f74f880004eb383642d098fef0) Importer(2089858483,0ecaa5967403d082aa24f35e1b516d23)
Start importing Assets/Kenney Assets/FantasyTownProcessed/roadEdgeSlope.obj using Guid(155d55f74f880004eb383642d098fef0) Importer(2089858483,0ecaa5967403d082aa24f35e1b516d23)  -> (artifact id: '4e6247e547cd5baae667d125f60b92cd') in 0.080137 seconds
Number of updated asset objects reloaded before import = 0
Number of asset objects unloaded after import = 9
========================================================================
Received Import Request.
  Time since last request: 0.000216 seconds.
  path: Assets/Kenney Assets/FantasyTownProcessed/planksOpening.obj
  artifactKey: Guid(2c2775f3284afed4c81ecde310a9f69a) Importer(2089858483,0ecaa5967403d082aa24f35e1b516d23)
Start importing Assets/Kenney Assets/FantasyTownProcessed/planksOpening.obj using Guid(2c2775f3284afed4c81ecde310a9f69a) Importer(2089858483,0ecaa5967403d082aa24f35e1b516d23)  -> (artifact id: '5bd14b0fc5aebdf47766011e618dd94e') in 0.135760 seconds
Number of updated asset objects reloaded before import = 0
Number of asset objects unloaded after import = 9
========================================================================
Received Import Request.
  Time since last request: 0.000047 seconds.
  path: Assets/Adobe/Substance3DForUnity/Runtime/Scripts/MarshalStructs/NativePhysicalSize.cs
  artifactKey: Guid(4897bada61d9a4ba3b55b9f20fe445cd) Importer(2089858483,0ecaa5967403d082aa24f35e1b516d23)
Start importing Assets/Adobe/Substance3DForUnity/Runtime/Scripts/MarshalStructs/NativePhysicalSize.cs using Guid(4897bada61d9a4ba3b55b9f20fe445cd) Importer(2089858483,0ecaa5967403d082aa24f35e1b516d23)  -> (artifact id: '37f4e9e5f62ff684dc3b7c2753d8296d') in 0.063331 seconds
Number of updated asset objects reloaded before import = 0
Number of asset objects unloaded after import = 1
========================================================================
Received Import Request.
  Time since last request: 0.000043 seconds.
  path: Assets/Adobe/Substance3DForUnity/Runtime/Scripts/MarshalStructs/nativeNumericInputDesc.cs
  artifactKey: Guid(ab2bb5d412dd1684ab655586f81aa0e4) Importer(2089858483,0ecaa5967403d082aa24f35e1b516d23)
Start importing Assets/Adobe/Substance3DForUnity/Runtime/Scripts/MarshalStructs/nativeNumericInputDesc.cs using Guid(ab2bb5d412dd1684ab655586f81aa0e4) Importer(2089858483,0ecaa5967403d082aa24f35e1b516d23)  -> (artifact id: '88e2f1e2b4139787fa41d9faf43ba50f') in 0.022926 seconds
Number of updated asset objects reloaded before import = 0
Number of asset objects unloaded after import = 1
========================================================================
Received Import Request.
  Time since last request: 0.000042 seconds.
  path: Assets/Adobe/Substance3DForUnity/Runtime/Scripts/MarshalStructs/nativeoutputdesc.cs
  artifactKey: Guid(b408381e48fca754193e7e75bc35e594) Importer(2089858483,0ecaa5967403d082aa24f35e1b516d23)
Start importing Assets/Adobe/Substance3DForUnity/Runtime/Scripts/MarshalStructs/nativeoutputdesc.cs using Guid(b408381e48fca754193e7e75bc35e594) Importer(2089858483,0ecaa5967403d082aa24f35e1b516d23)  -> (artifact id: '9a2aacac5d15bff47162c2a8e03db7e7') in 0.012248 seconds
Number of updated asset objects reloaded before import = 0
Number of asset objects unloaded after import = 1
========================================================================
Received Import Request.
  Time since last request: 0.000046 seconds.
  path: Assets/Scripts/GeneralScripts/CameraControls.cs
  artifactKey: Guid(e6e5f59f91ab9b843a59ab19b9eca7b7) Importer(2089858483,0ecaa5967403d082aa24f35e1b516d23)
Start importing Assets/Scripts/GeneralScripts/CameraControls.cs using Guid(e6e5f59f91ab9b843a59ab19b9eca7b7) Importer(2089858483,0ecaa5967403d082aa24f35e1b516d23)  -> (artifact id: '094b801eb4d54a034da89eae943a05d0') in 0.017965 seconds
Number of updated asset objects reloaded before import = 0
Number of asset objects unloaded after import = 1
========================================================================
Received Import Request.
  Time since last request: 0.000033 seconds.
  path: Assets/Kenney Assets/FantasyTownProcessed/wallWoodDoorwayBase.obj
  artifactKey: Guid(6c8262cfe68eaea4da970c662024760e) Importer(2089858483,0ecaa5967403d082aa24f35e1b516d23)
Start importing Assets/Kenney Assets/FantasyTownProcessed/wallWoodDoorwayBase.obj using Guid(6c8262cfe68eaea4da970c662024760e) Importer(2089858483,0ecaa5967403d082aa24f35e1b516d23)  -> (artifact id: '02326ef073e056f1df49bf9988869c66') in 0.032266 seconds
Number of updated asset objects reloaded before import = 0
Number of asset objects unloaded after import = 9
========================================================================
Received Import Request.
  Time since last request: 0.000035 seconds.
  path: Assets/Adobe/Substance3DForUnity/Runtime/Scripts/Utilities/PathUtils.cs
  artifactKey: Guid(42ae3f27cd9a68f4d870bfd4359d9c2b) Importer(2089858483,0ecaa5967403d082aa24f35e1b516d23)
Start importing Assets/Adobe/Substance3DForUnity/Runtime/Scripts/Utilities/PathUtils.cs using Guid(42ae3f27cd9a68f4d870bfd4359d9c2b) Importer(2089858483,0ecaa5967403d082aa24f35e1b516d23)  -> (artifact id: 'cf5902b3801f7ae77a00a5d8d34be60d') in 0.019722 seconds
Number of updated asset objects reloaded before import = 0
Number of asset objects unloaded after import = 1
========================================================================
Received Import Request.
  Time since last request: 0.000094 seconds.
  path: Assets/Adobe/Substance3DForUnity/Runtime/Scripts/Unity Objects/SubstanceFileSO.cs
  artifactKey: Guid(f5f261fec84a6d544a8b61047a092314) Importer(2089858483,0ecaa5967403d082aa24f35e1b516d23)
Start importing Assets/Adobe/Substance3DForUnity/Runtime/Scripts/Unity Objects/SubstanceFileSO.cs using Guid(f5f261fec84a6d544a8b61047a092314) Importer(2089858483,0ecaa5967403d082aa24f35e1b516d23)  -> (artifact id: 'c5fa0d45e9594e9b8c38405aa71caf14') in 0.036192 seconds
Number of updated asset objects reloaded before import = 0
Number of asset objects unloaded after import = 1
========================================================================
Received Import Request.
  Time since last request: 0.000042 seconds.
  path: Assets/Adobe/Substance3DForUnity/Runtime/Scripts/Utilities/DLLHelper.cs
  artifactKey: Guid(f6de90137b2a18d46b64f75e11af9249) Importer(2089858483,0ecaa5967403d082aa24f35e1b516d23)
Start importing Assets/Adobe/Substance3DForUnity/Runtime/Scripts/Utilities/DLLHelper.cs using Guid(f6de90137b2a18d46b64f75e11af9249) Importer(2089858483,0ecaa5967403d082aa24f35e1b516d23)  -> (artifact id: '9d66ab7def06fbafd7aa9fa799d8e41c') in 0.026111 seconds
Number of updated asset objects reloaded before import = 0
Number of asset objects unloaded after import = 1
========================================================================
Received Import Request.
  Time since last request: 0.000045 seconds.
  path: Assets/Kenney Assets/FantasyTownProcessed/roadEdge.obj
  artifactKey: Guid(5bda5f51354ae0a4dbeba1068e5a970e) Importer(2089858483,0ecaa5967403d082aa24f35e1b516d23)
Start importing Assets/Kenney Assets/FantasyTownProcessed/roadEdge.obj using Guid(5bda5f51354ae0a4dbeba1068e5a970e) Importer(2089858483,0ecaa5967403d082aa24f35e1b516d23)  -> (artifact id: '1b8056859d95b3d63f503ca67b598a99') in 0.049622 seconds
Number of updated asset objects reloaded before import = 0
Number of asset objects unloaded after import = 9
========================================================================
Received Import Request.
  Time since last request: 0.000046 seconds.
  path: Assets/Adobe/Substance3DForUnity/Runtime/Plugins/iOS/libintegrations_renderer.a
  artifactKey: Guid(3b4f4fd55d63b504d90f82cfd68f7560) Importer(2089858483,0ecaa5967403d082aa24f35e1b516d23)
Start importing Assets/Adobe/Substance3DForUnity/Runtime/Plugins/iOS/libintegrations_renderer.a using Guid(3b4f4fd55d63b504d90f82cfd68f7560) Importer(2089858483,0ecaa5967403d082aa24f35e1b516d23)  -> (artifact id: 'd70d14f246a193b52bd7b055482887c3') in 0.051121 seconds
Number of updated asset objects reloaded before import = 0
Number of asset objects unloaded after import = 1
========================================================================
Received Import Request.
  Time since last request: 0.000035 seconds.
  path: Assets/Adobe/Substance3DForUnity/Runtime/Runtime/Adobe.Substance.Runtime.asmdef
  artifactKey: Guid(b78cd19d3dcc04e4a8eb1915990b2db1) Importer(2089858483,0ecaa5967403d082aa24f35e1b516d23)
Start importing Assets/Adobe/Substance3DForUnity/Runtime/Runtime/Adobe.Substance.Runtime.asmdef using Guid(b78cd19d3dcc04e4a8eb1915990b2db1) Importer(2089858483,0ecaa5967403d082aa24f35e1b516d23)  -> (artifact id: 'a7d4d80e745a569762f148b9a397bb18') in 0.051467 seconds
Number of updated asset objects reloaded before import = 0
Number of asset objects unloaded after import = 1
========================================================================
Received Import Request.
  Time since last request: 0.000048 seconds.
  path: Assets/Adobe/Substance3DForUnity/Runtime/Scripts/Utilities/TextureExtensions.cs
  artifactKey: Guid(17a6348e48c5de84498a4c2ad3caff6d) Importer(2089858483,0ecaa5967403d082aa24f35e1b516d23)
Start importing Assets/Adobe/Substance3DForUnity/Runtime/Scripts/Utilities/TextureExtensions.cs using Guid(17a6348e48c5de84498a4c2ad3caff6d) Importer(2089858483,0ecaa5967403d082aa24f35e1b516d23)  -> (artifact id: '931894b494111b963fa74c9816392273') in 0.028706 seconds
Number of updated asset objects reloaded before import = 0
Number of asset objects unloaded after import = 1
========================================================================
Received Import Request.
  Time since last request: 0.000032 seconds.
  path: Assets/Adobe/Substance3DForUnity/Runtime/Scripts/Unity Objects/Enums/TextureFlip.cs
  artifactKey: Guid(01ed99cadd094f841b47e95378e7d415) Importer(2089858483,0ecaa5967403d082aa24f35e1b516d23)
Start importing Assets/Adobe/Substance3DForUnity/Runtime/Scripts/Unity Objects/Enums/TextureFlip.cs using Guid(01ed99cadd094f841b47e95378e7d415) Importer(2089858483,0ecaa5967403d082aa24f35e1b516d23)  -> (artifact id: '856422930db00b62649c0bb058850e33') in 0.012715 seconds
Number of updated asset objects reloaded before import = 0
Number of asset objects unloaded after import = 1
========================================================================
Received Import Request.
  Time since last request: 0.000048 seconds.
  path: Assets/Adobe/Substance3DForUnity/Runtime/Scripts/Utilities/TextureOutputExtensions.cs
  artifactKey: Guid(603e384ac1d32cc469fcb01910e701ce) Importer(2089858483,0ecaa5967403d082aa24f35e1b516d23)
Start importing Assets/Adobe/Substance3DForUnity/Runtime/Scripts/Utilities/TextureOutputExtensions.cs using Guid(603e384ac1d32cc469fcb01910e701ce) Importer(2089858483,0ecaa5967403d082aa24f35e1b516d23)  -> (artifact id: '12747fc2bef24c0578fafa07fac5da66') in 0.045490 seconds
Number of updated asset objects reloaded before import = 0
Number of asset objects unloaded after import = 1
========================================================================
Received Import Request.
  Time since last request: 0.000044 seconds.
  path: Assets/Adobe/Substance3DForUnity/Runtime/Scripts/MarshalStructs/Enums/HVFlip.cs
  artifactKey: Guid(9687bfad244a5d749b109a35754b97e2) Importer(2089858483,0ecaa5967403d082aa24f35e1b516d23)
Start importing Assets/Adobe/Substance3DForUnity/Runtime/Scripts/MarshalStructs/Enums/HVFlip.cs using Guid(9687bfad244a5d749b109a35754b97e2) Importer(2089858483,0ecaa5967403d082aa24f35e1b516d23)  -> (artifact id: 'd01b4d3b7944aea606f14faad354e1b0') in 0.138779 seconds
Number of updated asset objects reloaded before import = 0
Number of asset objects unloaded after import = 1
========================================================================
Received Import Request.
  Time since last request: 0.000042 seconds.
  path: Assets/Adobe/Substance3DForUnity/Runtime/Scripts/Unity Objects/Outputs/SubstanceVirtualOutputCreateInfo.cs
  artifactKey: Guid(c9be437653642a947898654bbb857e27) Importer(2089858483,0ecaa5967403d082aa24f35e1b516d23)
Start importing Assets/Adobe/Substance3DForUnity/Runtime/Scripts/Unity Objects/Outputs/SubstanceVirtualOutputCreateInfo.cs using Guid(c9be437653642a947898654bbb857e27) Importer(2089858483,0ecaa5967403d082aa24f35e1b516d23)  -> (artifact id: '2e41c3b1503415dcef7f3751ff60b81d') in 0.031267 seconds
Number of updated asset objects reloaded before import = 0
Number of asset objects unloaded after import = 1
========================================================================
Received Import Request.
  Time since last request: 0.000102 seconds.
  path: Assets/Adobe/Substance3DForUnity/Runtime/Scripts/Unity Objects/Outputs/SubstanceOutputTexture.cs
  artifactKey: Guid(4eb2b73a785c95a4c87339cd11964fb2) Importer(2089858483,0ecaa5967403d082aa24f35e1b516d23)
Start importing Assets/Adobe/Substance3DForUnity/Runtime/Scripts/Unity Objects/Outputs/SubstanceOutputTexture.cs using Guid(4eb2b73a785c95a4c87339cd11964fb2) Importer(2089858483,0ecaa5967403d082aa24f35e1b516d23)  -> (artifact id: 'd993b4d0243fef8db9495c86b7c86cf5') in 0.036774 seconds
Number of updated asset objects reloaded before import = 0
Number of asset objects unloaded after import = 1
========================================================================
Received Import Request.
  Time since last request: 0.000040 seconds.
  path: Assets/Adobe/Substance3DForUnity/Runtime/Plugins/libsubstance_ogl3_blend.so
  artifactKey: Guid(659d27409e79e7740ad0aebc20f2090f) Importer(2089858483,0ecaa5967403d082aa24f35e1b516d23)
Start importing Assets/Adobe/Substance3DForUnity/Runtime/Plugins/libsubstance_ogl3_blend.so using Guid(659d27409e79e7740ad0aebc20f2090f) Importer(2089858483,0ecaa5967403d082aa24f35e1b516d23)  -> (artifact id: '8db800d884b110d9e1010d012af798eb') in 0.025625 seconds
Number of updated asset objects reloaded before import = 0
Number of asset objects unloaded after import = 1
========================================================================
Received Import Request.
  Time since last request: 0.000041 seconds.
  path: Assets/Adobe/Substance3DForUnity/Runtime/Scripts/Utilities/EnumExtensions.cs
  artifactKey: Guid(9c5e4a2f5172f424faa88416d0c6d9e1) Importer(2089858483,0ecaa5967403d082aa24f35e1b516d23)
Start importing Assets/Adobe/Substance3DForUnity/Runtime/Scripts/Utilities/EnumExtensions.cs using Guid(9c5e4a2f5172f424faa88416d0c6d9e1) Importer(2089858483,0ecaa5967403d082aa24f35e1b516d23)  -> (artifact id: 'cfe72a40f8eeadb58fb6e68d2d22d007') in 0.036908 seconds
Number of updated asset objects reloaded before import = 0
Number of asset objects unloaded after import = 1
========================================================================
Received Import Request.
  Time since last request: 0.000052 seconds.
  path: Assets/Adobe/Substance3DForUnity/Runtime/Scripts/Unity Objects/Inputs/Descriptions/SubstanceInputDescription.cs
  artifactKey: Guid(fc6a243b92a09374d89b9c500fffa0e9) Importer(2089858483,0ecaa5967403d082aa24f35e1b516d23)
Start importing Assets/Adobe/Substance3DForUnity/Runtime/Scripts/Unity Objects/Inputs/Descriptions/SubstanceInputDescription.cs using Guid(fc6a243b92a09374d89b9c500fffa0e9) Importer(2089858483,0ecaa5967403d082aa24f35e1b516d23)  -> (artifact id: 'fb8d5ecdfc3fd4cfb9f01928c4588e82') in 0.023047 seconds
Number of updated asset objects reloaded before import = 0
Number of asset objects unloaded after import = 1
========================================================================
Received Import Request.
  Time since last request: 0.000074 seconds.
  path: Assets/Adobe/Substance3DForUnity/Runtime/Scripts/Unity Objects/Inputs/Descriptions/SubstanceInputDescNumericalFloat2.cs
  artifactKey: Guid(6cd3bc40ad7c1cc41bc69189c63590b2) Importer(2089858483,0ecaa5967403d082aa24f35e1b516d23)
Start importing Assets/Adobe/Substance3DForUnity/Runtime/Scripts/Unity Objects/Inputs/Descriptions/SubstanceInputDescNumericalFloat2.cs using Guid(6cd3bc40ad7c1cc41bc69189c63590b2) Importer(2089858483,0ecaa5967403d082aa24f35e1b516d23)  -> (artifact id: '4a5c34a7b615643ee28208cd928fdd06') in 0.036518 seconds
Number of updated asset objects reloaded before import = 0
Number of asset objects unloaded after import = 1
========================================================================
Received Import Request.
  Time since last request: 0.000030 seconds.
  path: Assets/Adobe/Substance3DForUnity/Editor/Settings/SubstanceEditorSettings.asset
  artifactKey: Guid(e686586dac7adb5429a0ca6dd01af373) Importer(2089858483,0ecaa5967403d082aa24f35e1b516d23)
Start importing Assets/Adobe/Substance3DForUnity/Editor/Settings/SubstanceEditorSettings.asset using Guid(e686586dac7adb5429a0ca6dd01af373) Importer(2089858483,0ecaa5967403d082aa24f35e1b516d23)  -> (artifact id: 'bff6c43699a5e0a8820c56e107428768') in 0.062095 seconds
Number of updated asset objects reloaded before import = 0
Number of asset objects unloaded after import = 1
========================================================================
Received Import Request.
  Time since last request: 0.000046 seconds.
  path: Assets/Adobe/Substance3DForUnity/Runtime/Scripts/Unity Objects/Enums/SubstanceValueType.cs
  artifactKey: Guid(4e3e8edcd045aa4439639e4dd4a876e1) Importer(2089858483,0ecaa5967403d082aa24f35e1b516d23)
Start importing Assets/Adobe/Substance3DForUnity/Runtime/Scripts/Unity Objects/Enums/SubstanceValueType.cs using Guid(4e3e8edcd045aa4439639e4dd4a876e1) Importer(2089858483,0ecaa5967403d082aa24f35e1b516d23)  -> (artifact id: '902d6c8d2d7dd1d3629a1e69081a81e8') in 0.025264 seconds
Number of updated asset objects reloaded before import = 0
Number of asset objects unloaded after import = 1
========================================================================
Received Import Request.
  Time since last request: 0.000035 seconds.
  path: Assets/Adobe/Substance3DForUnity/Runtime/Scripts/Unity Objects/Inputs/Values/SubstanceInputFloat3.cs
  artifactKey: Guid(972cacc8762922b4c899c029ca6f30ee) Importer(2089858483,0ecaa5967403d082aa24f35e1b516d23)
Start importing Assets/Adobe/Substance3DForUnity/Runtime/Scripts/Unity Objects/Inputs/Values/SubstanceInputFloat3.cs using Guid(972cacc8762922b4c899c029ca6f30ee) Importer(2089858483,0ecaa5967403d082aa24f35e1b516d23)  -> (artifact id: '6184248f43c27b26f61836fb59a5898f') in 0.067988 seconds
Number of updated asset objects reloaded before import = 0
Number of asset objects unloaded after import = 1
========================================================================
Received Import Request.
  Time since last request: 0.000055 seconds.
  path: Assets/Adobe/Substance3DForUnity/Runtime/Scripts/Unity Objects/Inputs/Descriptions/SubstanceInputDescNumericalInt.cs
  artifactKey: Guid(4505bd299acddfa42a93618bb3eb3144) Importer(2089858483,0ecaa5967403d082aa24f35e1b516d23)
Start importing Assets/Adobe/Substance3DForUnity/Runtime/Scripts/Unity Objects/Inputs/Descriptions/SubstanceInputDescNumericalInt.cs using Guid(4505bd299acddfa42a93618bb3eb3144) Importer(2089858483,0ecaa5967403d082aa24f35e1b516d23)  -> (artifact id: '5a7e411431975b2c42d2dd1eda70c647') in 0.105532 seconds
Number of updated asset objects reloaded before import = 0
Number of asset objects unloaded after import = 1
========================================================================
Received Import Request.
  Time since last request: 0.000036 seconds.
  path: Assets/Adobe/Substance3DForUnity/Runtime/Scripts/Render Pipelines/PluginPipelines.cs
  artifactKey: Guid(ba4c5727559f0ba4d99dbf399320b335) Importer(2089858483,0ecaa5967403d082aa24f35e1b516d23)
Start importing Assets/Adobe/Substance3DForUnity/Runtime/Scripts/Render Pipelines/PluginPipelines.cs using Guid(ba4c5727559f0ba4d99dbf399320b335) Importer(2089858483,0ecaa5967403d082aa24f35e1b516d23)  -> (artifact id: '88fa98de586dc5036e0f5941cdf52f13') in 0.050911 seconds
Number of updated asset objects reloaded before import = 0
Number of asset objects unloaded after import = 1
========================================================================
Received Import Request.
  Time since last request: 0.000039 seconds.
  path: Assets/Adobe/Substance3DForUnity/Editor/Scripts/PropertyDrawers/SubstanceInputDrawerFloat4.cs
  artifactKey: Guid(b864e9955ea52c1439bd7a5e691c3e75) Importer(2089858483,0ecaa5967403d082aa24f35e1b516d23)
Start importing Assets/Adobe/Substance3DForUnity/Editor/Scripts/PropertyDrawers/SubstanceInputDrawerFloat4.cs using Guid(b864e9955ea52c1439bd7a5e691c3e75) Importer(2089858483,0ecaa5967403d082aa24f35e1b516d23)  -> (artifact id: '86cfa5eb3daaf326ecd275bdd0f5c73e') in 0.049394 seconds
Number of updated asset objects reloaded before import = 0
Number of asset objects unloaded after import = 1
========================================================================
Received Import Request.
  Time since last request: 0.000068 seconds.
  path: Assets/Adobe/Substance3DForUnity/Runtime/Runtime/Scripts/SubstanceRuntime.cs
  artifactKey: Guid(9cc8c095ad4295641a186d6bde15d308) Importer(2089858483,0ecaa5967403d082aa24f35e1b516d23)
Start importing Assets/Adobe/Substance3DForUnity/Runtime/Runtime/Scripts/SubstanceRuntime.cs using Guid(9cc8c095ad4295641a186d6bde15d308) Importer(2089858483,0ecaa5967403d082aa24f35e1b516d23)  -> (artifact id: 'a7d8db48490093aec780835c810044e4') in 0.030052 seconds
Number of updated asset objects reloaded before import = 0
Number of asset objects unloaded after import = 1
========================================================================
Received Import Request.
  Time since last request: 0.000036 seconds.
  path: Assets/Adobe/Substance3DForUnity/Runtime/Scripts/Unity Objects/Inputs/Values/SubstanceInputString.cs
  artifactKey: Guid(3466988ea5300af49966ff9b94174f4c) Importer(2089858483,0ecaa5967403d082aa24f35e1b516d23)
Start importing Assets/Adobe/Substance3DForUnity/Runtime/Scripts/Unity Objects/Inputs/Values/SubstanceInputString.cs using Guid(3466988ea5300af49966ff9b94174f4c) Importer(2089858483,0ecaa5967403d082aa24f35e1b516d23)  -> (artifact id: '0187f06021e02542c41af685f40734aa') in 0.018266 seconds
Number of updated asset objects reloaded before import = 0
Number of asset objects unloaded after import = 1
========================================================================
Received Import Request.
  Time since last request: 0.000089 seconds.
  path: Assets/Adobe/Substance3DForUnity/Runtime/Scripts/Unity Objects/Inputs/Values/SubstanceInputTexture.cs
  artifactKey: Guid(1c1f96014c3c29946a956e0f6e220a34) Importer(2089858483,0ecaa5967403d082aa24f35e1b516d23)
Start importing Assets/Adobe/Substance3DForUnity/Runtime/Scripts/Unity Objects/Inputs/Values/SubstanceInputTexture.cs using Guid(1c1f96014c3c29946a956e0f6e220a34) Importer(2089858483,0ecaa5967403d082aa24f35e1b516d23)  -> (artifact id: '70992e496c53b21db5b743773fdb0760') in 0.039313 seconds
Number of updated asset objects reloaded before import = 0
Number of asset objects unloaded after import = 1
========================================================================
Received Import Request.
  Time since last request: 0.000040 seconds.
  path: Assets/Adobe/Substance3DForUnity/Editor/Scripts/Utilities/GraphInputsGroupingHelper.cs
  artifactKey: Guid(613ef46be9575f44fbcb243ab26b4db4) Importer(2089858483,0ecaa5967403d082aa24f35e1b516d23)
Start importing Assets/Adobe/Substance3DForUnity/Editor/Scripts/Utilities/GraphInputsGroupingHelper.cs using Guid(613ef46be9575f44fbcb243ab26b4db4) Importer(2089858483,0ecaa5967403d082aa24f35e1b516d23)  -> (artifact id: '02a590d3a8934b11123da5aec94123e4') in 0.014648 seconds
Number of updated asset objects reloaded before import = 0
Number of asset objects unloaded after import = 1
========================================================================
Received Import Request.
  Time since last request: 0.000049 seconds.
  path: Assets/Adobe/Substance3DForUnity/Runtime/Plugins/iOS/libsubstance_framework.a
  artifactKey: Guid(ddcf6efef31d2044290c96caeadd7572) Importer(2089858483,0ecaa5967403d082aa24f35e1b516d23)
Start importing Assets/Adobe/Substance3DForUnity/Runtime/Plugins/iOS/libsubstance_framework.a using Guid(ddcf6efef31d2044290c96caeadd7572) Importer(2089858483,0ecaa5967403d082aa24f35e1b516d23)  -> (artifact id: '4f10e8dc50cfd343aa37d1c37b82de93') in 0.040451 seconds
Number of updated asset objects reloaded before import = 0
Number of asset objects unloaded after import = 1
========================================================================
Received Import Request.
  Time since last request: 0.000036 seconds.
  path: Assets/Adobe/Substance3DForUnity/Runtime/Scripts/Unity Objects/Inputs/Values/SubstanceInputFloat.cs
  artifactKey: Guid(6a2b5e2d6e8627946aee84ca2cad43a2) Importer(2089858483,0ecaa5967403d082aa24f35e1b516d23)
Start importing Assets/Adobe/Substance3DForUnity/Runtime/Scripts/Unity Objects/Inputs/Values/SubstanceInputFloat.cs using Guid(6a2b5e2d6e8627946aee84ca2cad43a2) Importer(2089858483,0ecaa5967403d082aa24f35e1b516d23)  -> (artifact id: '47027640c768ee24de4a2f5a7fdbd95a') in 0.035932 seconds
Number of updated asset objects reloaded before import = 0
Number of asset objects unloaded after import = 1
========================================================================
Received Import Request.
  Time since last request: 0.000078 seconds.
  path: Assets/Kenney Assets/FantasyTownProcessed/Materials/stone.mat
  artifactKey: Guid(e9dda7739bd11294b9381153d5c2fa73) Importer(2089858483,0ecaa5967403d082aa24f35e1b516d23)
Start importing Assets/Kenney Assets/FantasyTownProcessed/Materials/stone.mat using Guid(e9dda7739bd11294b9381153d5c2fa73) Importer(2089858483,0ecaa5967403d082aa24f35e1b516d23)  -> (artifact id: '1a4edff2dbd087717de37aa43540a0e4') in 0.031860 seconds
Number of updated asset objects reloaded before import = 0
Number of asset objects unloaded after import = 1
========================================================================
Received Import Request.
  Time since last request: 0.000058 seconds.
  path: Assets/Adobe/Substance3DForUnity/Runtime/Scripts/Profile/ProfileUtils.cs
  artifactKey: Guid(504aaf43fe623354fa2b2c39cefa44ac) Importer(2089858483,0ecaa5967403d082aa24f35e1b516d23)
Start importing Assets/Adobe/Substance3DForUnity/Runtime/Scripts/Profile/ProfileUtils.cs using Guid(504aaf43fe623354fa2b2c39cefa44ac) Importer(2089858483,0ecaa5967403d082aa24f35e1b516d23)  -> (artifact id: 'b55caa4efc7f62f1588ba827e744661c') in 0.029291 seconds
Number of updated asset objects reloaded before import = 0
Number of asset objects unloaded after import = 1
========================================================================
Received Import Request.
  Time since last request: 0.000075 seconds.
  path: Assets/Adobe/Substance3DForUnity/Editor/Scripts/PropertyDrawers/SubstanceInputDrawerInt4.cs
  artifactKey: Guid(6083c230932064544b0beca8c8228f62) Importer(2089858483,0ecaa5967403d082aa24f35e1b516d23)
Start importing Assets/Adobe/Substance3DForUnity/Editor/Scripts/PropertyDrawers/SubstanceInputDrawerInt4.cs using Guid(6083c230932064544b0beca8c8228f62) Importer(2089858483,0ecaa5967403d082aa24f35e1b516d23)  -> (artifact id: '4bfe9f0db6eb93144d0df6ec554b5fd2') in 0.177104 seconds
Number of updated asset objects reloaded before import = 0
Number of asset objects unloaded after import = 1
========================================================================
Received Import Request.
  Time since last request: 0.000091 seconds.
  path: Assets/Kenney Assets/FantasyTownProcessed/roofHighLeft.obj
  artifactKey: Guid(506dc033b19b70b42affc813b3bde6c5) Importer(2089858483,0ecaa5967403d082aa24f35e1b516d23)
Start importing Assets/Kenney Assets/FantasyTownProcessed/roofHighLeft.obj using Guid(506dc033b19b70b42affc813b3bde6c5) Importer(2089858483,0ecaa5967403d082aa24f35e1b516d23)  -> (artifact id: 'd10f5a33846290baac7ef0da86a3c8bc') in 0.149719 seconds
Number of updated asset objects reloaded before import = 0
Number of asset objects unloaded after import = 9
========================================================================
Received Import Request.
  Time since last request: 0.000121 seconds.
  path: Assets/Adobe/Substance3DForUnity/Runtime/Scripts/Unity Objects/Inputs/Descriptions/SubstanceInputDescNumericalFloat4.cs
  artifactKey: Guid(b59f3763c24dd4b489b67cbf059c97e7) Importer(2089858483,0ecaa5967403d082aa24f35e1b516d23)
Start importing Assets/Adobe/Substance3DForUnity/Runtime/Scripts/Unity Objects/Inputs/Descriptions/SubstanceInputDescNumericalFloat4.cs using Guid(b59f3763c24dd4b489b67cbf059c97e7) Importer(2089858483,0ecaa5967403d082aa24f35e1b516d23)  -> (artifact id: 'cdc11780d4add32d38f956b5807bdcbb') in 0.028872 seconds
Number of updated asset objects reloaded before import = 0
Number of asset objects unloaded after import = 1
========================================================================
Received Import Request.
  Time since last request: 0.000081 seconds.
  path: Assets/Kenney Assets/FantasyTownProcessed/wallWoodWindowRound.obj
  artifactKey: Guid(824738831b3ae154a87210919edd2390) Importer(2089858483,0ecaa5967403d082aa24f35e1b516d23)
Start importing Assets/Kenney Assets/FantasyTownProcessed/wallWoodWindowRound.obj using Guid(824738831b3ae154a87210919edd2390) Importer(2089858483,0ecaa5967403d082aa24f35e1b516d23)  -> (artifact id: 'fd371825b4d03df7be9433149cc211ff') in 0.046277 seconds
Number of updated asset objects reloaded before import = 0
Number of asset objects unloaded after import = 9
========================================================================
Received Import Request.
  Time since last request: 0.000147 seconds.
  path: Assets/Kenney Assets/FantasyTownProcessed/fenceCurved.obj
  artifactKey: Guid(048886f8879d3a1438a2826d2c06393f) Importer(2089858483,0ecaa5967403d082aa24f35e1b516d23)
Start importing Assets/Kenney Assets/FantasyTownProcessed/fenceCurved.obj using Guid(048886f8879d3a1438a2826d2c06393f) Importer(2089858483,0ecaa5967403d082aa24f35e1b516d23)  -> (artifact id: '70fd8681251e70c55017ec4783f30439') in 0.083717 seconds
Number of updated asset objects reloaded before import = 0
Number of asset objects unloaded after import = 9
========================================================================
Received Import Request.
  Time since last request: 0.000038 seconds.
  path: Assets/Adobe/Substance3DForUnity/Runtime/Scripts/SubstanceNativeGraph.cs
  artifactKey: Guid(497917f7329a849dc8e059ad36608990) Importer(2089858483,0ecaa5967403d082aa24f35e1b516d23)
Start importing Assets/Adobe/Substance3DForUnity/Runtime/Scripts/SubstanceNativeGraph.cs using Guid(497917f7329a849dc8e059ad36608990) Importer(2089858483,0ecaa5967403d082aa24f35e1b516d23)  -> (artifact id: 'a74b3b0f62207b6a98413ce37fe3315e') in 0.039431 seconds
Number of updated asset objects reloaded before import = 0
Number of asset objects unloaded after import = 1
========================================================================
Received Import Request.
  Time since last request: 0.000056 seconds.
  path: Assets/Kenney Assets/FantasyTownProcessed/roadSlope.obj
  artifactKey: Guid(14fa27ce8d5aeb34bb2003951e6c1aab) Importer(2089858483,0ecaa5967403d082aa24f35e1b516d23)
Start importing Assets/Kenney Assets/FantasyTownProcessed/roadSlope.obj using Guid(14fa27ce8d5aeb34bb2003951e6c1aab) Importer(2089858483,0ecaa5967403d082aa24f35e1b516d23)  -> (artifact id: '6d5a6f8b8683a9c9212e041d6233f1f5') in 0.092214 seconds
Number of updated asset objects reloaded before import = 0
Number of asset objects unloaded after import = 9
========================================================================
Received Import Request.
  Time since last request: 0.000077 seconds.
  path: Assets/Adobe/Substance3DForUnity/Runtime/Scripts/Unity Objects/Inputs/Descriptions/SubstanceInputDescNumericalFloat3.cs
  artifactKey: Guid(95d340e6db1018d4888654b6d6e4bfbc) Importer(2089858483,0ecaa5967403d082aa24f35e1b516d23)
Start importing Assets/Adobe/Substance3DForUnity/Runtime/Scripts/Unity Objects/Inputs/Descriptions/SubstanceInputDescNumericalFloat3.cs using Guid(95d340e6db1018d4888654b6d6e4bfbc) Importer(2089858483,0ecaa5967403d082aa24f35e1b516d23)  -> (artifact id: 'e1ac9f2a17f4a43eb64daf9785f76067') in 0.029774 seconds
Number of updated asset objects reloaded before import = 0
Number of asset objects unloaded after import = 1
========================================================================
Received Import Request.
  Time since last request: 0.000190 seconds.
  path: Assets/Adobe/Substance3DForUnity/Runtime/Scripts/Unity Objects/SubstanceGraphSO.cs
  artifactKey: Guid(eed5864476f84ce4b85454db09ca4eaa) Importer(2089858483,0ecaa5967403d082aa24f35e1b516d23)
Start importing Assets/Adobe/Substance3DForUnity/Runtime/Scripts/Unity Objects/SubstanceGraphSO.cs using Guid(eed5864476f84ce4b85454db09ca4eaa) Importer(2089858483,0ecaa5967403d082aa24f35e1b516d23)  -> (artifact id: '12b3572583d87cece04914db9c28833e') in 0.041845 seconds
Number of updated asset objects reloaded before import = 0
Number of asset objects unloaded after import = 1
========================================================================
Received Import Request.
  Time since last request: 0.000053 seconds.
  path: Assets/Kenney Assets/FantasyTownProcessed/roadCorner.obj
  artifactKey: Guid(b000453f08dd38548bf59a6e2d937cec) Importer(2089858483,0ecaa5967403d082aa24f35e1b516d23)
Start importing Assets/Kenney Assets/FantasyTownProcessed/roadCorner.obj using Guid(b000453f08dd38548bf59a6e2d937cec) Importer(2089858483,0ecaa5967403d082aa24f35e1b516d23)  -> (artifact id: '640dd6c0351c16b519321e70a7d5eb53') in 0.077191 seconds
Number of updated asset objects reloaded before import = 0
Number of asset objects unloaded after import = 9
========================================================================
Received Import Request.
  Time since last request: 0.000084 seconds.
  path: Assets/Adobe/Substance3DForUnity/Editor/Scripts/Utilities/TextureUtils.cs
  artifactKey: Guid(3f50142101ff97a409b03240bd12d0b6) Importer(2089858483,0ecaa5967403d082aa24f35e1b516d23)
Start importing Assets/Adobe/Substance3DForUnity/Editor/Scripts/Utilities/TextureUtils.cs using Guid(3f50142101ff97a409b03240bd12d0b6) Importer(2089858483,0ecaa5967403d082aa24f35e1b516d23)  -> (artifact id: 'c0c1111d83578676aa6811d662fc358c') in 0.047930 seconds
Number of updated asset objects reloaded before import = 0
Number of asset objects unloaded after import = 1
========================================================================
Received Import Request.
  Time since last request: 0.000151 seconds.
  path: Assets/Adobe/Substance3DForUnity/Runtime/Plugins/iOS/libintegrations_common.a
  artifactKey: Guid(2ed861b8ad9cf134d9346119598a0077) Importer(2089858483,0ecaa5967403d082aa24f35e1b516d23)
Start importing Assets/Adobe/Substance3DForUnity/Runtime/Plugins/iOS/libintegrations_common.a using Guid(2ed861b8ad9cf134d9346119598a0077) Importer(2089858483,0ecaa5967403d082aa24f35e1b516d23)  -> (artifact id: '88afb3d14668793ce759efc84cfa9e2f') in 0.038247 seconds
Number of updated asset objects reloaded before import = 0
Number of asset objects unloaded after import = 1
========================================================================
Received Import Request.
  Time since last request: 0.000097 seconds.
  path: Assets/Adobe/Substance3DForUnity/Runtime/Scripts/Utilities/Globals.cs
  artifactKey: Guid(0e4a1c6b6e4f9724c81d3a821a8642b9) Importer(2089858483,0ecaa5967403d082aa24f35e1b516d23)
Start importing Assets/Adobe/Substance3DForUnity/Runtime/Scripts/Utilities/Globals.cs using Guid(0e4a1c6b6e4f9724c81d3a821a8642b9) Importer(2089858483,0ecaa5967403d082aa24f35e1b516d23)  -> (artifact id: '727c7675e4ffb5439b8621831b972c25') in 0.090826 seconds
Number of updated asset objects reloaded before import = 0
Number of asset objects unloaded after import = 1
========================================================================
Received Import Request.
  Time since last request: 0.000054 seconds.
  path: Assets/Kenney Assets/FantasyTownProcessed/wallWoodWindowSmall.obj
  artifactKey: Guid(630102e860e13e242b06ed36da08dce8) Importer(2089858483,0ecaa5967403d082aa24f35e1b516d23)
Start importing Assets/Kenney Assets/FantasyTownProcessed/wallWoodWindowSmall.obj using Guid(630102e860e13e242b06ed36da08dce8) Importer(2089858483,0ecaa5967403d082aa24f35e1b516d23)  -> (artifact id: '5412a5945290e0629cb65adca6bb988b') in 0.107096 seconds
Number of updated asset objects reloaded before import = 0
Number of asset objects unloaded after import = 9
========================================================================
Received Import Request.
  Time since last request: 0.000107 seconds.
  path: Assets/Adobe/Substance3DForUnity/Runtime/Scripts/Unity Objects/Inputs/Values/SubstanceInvalidInput.cs
  artifactKey: Guid(1cdb98b233312594e90f752da97365a4) Importer(2089858483,0ecaa5967403d082aa24f35e1b516d23)
Start importing Assets/Adobe/Substance3DForUnity/Runtime/Scripts/Unity Objects/Inputs/Values/SubstanceInvalidInput.cs using Guid(1cdb98b233312594e90f752da97365a4) Importer(2089858483,0ecaa5967403d082aa24f35e1b516d23)  -> (artifact id: '8dbd5957e44b4436dfa35abb004b756f') in 0.037465 seconds
Number of updated asset objects reloaded before import = 0
Number of asset objects unloaded after import = 1
========================================================================
Received Import Request.
  Time since last request: 0.000043 seconds.
  path: Assets/Kenney Assets/FantasyTownProcessed/Materials/_defaultMat.mat
  artifactKey: Guid(79bef7d0ae254734cad3e843166624d5) Importer(2089858483,0ecaa5967403d082aa24f35e1b516d23)
Start importing Assets/Kenney Assets/FantasyTownProcessed/Materials/_defaultMat.mat using Guid(79bef7d0ae254734cad3e843166624d5) Importer(2089858483,0ecaa5967403d082aa24f35e1b516d23)  -> (artifact id: '97e080bc1d50106c732dac9c44b8d6b3') in 0.051577 seconds
Number of updated asset objects reloaded before import = 0
Number of asset objects unloaded after import = 1
========================================================================
Received Import Request.
  Time since last request: 0.000043 seconds.
  path: Assets/Adobe/Substance3DForUnity/Editor/Scripts/GUIContent/SubstanceInputGUIContent.cs
  artifactKey: Guid(4796d6b0fe84aa64d9385f2fe71bb4bc) Importer(2089858483,0ecaa5967403d082aa24f35e1b516d23)
Start importing Assets/Adobe/Substance3DForUnity/Editor/Scripts/GUIContent/SubstanceInputGUIContent.cs using Guid(4796d6b0fe84aa64d9385f2fe71bb4bc) Importer(2089858483,0ecaa5967403d082aa24f35e1b516d23)  -> (artifact id: '7e262e53dacd8e797ae6df738aff8bfb') in 0.023948 seconds
Number of updated asset objects reloaded before import = 0
Number of asset objects unloaded after import = 1
========================================================================
Received Import Request.
  Time since last request: 0.000080 seconds.
  path: Assets/Kenney Assets/FantasyTownProcessed/wallWoodCornerDiagonal.obj
  artifactKey: Guid(8ea04ecf7e18c1e4b8ac1d6aa4e5da73) Importer(2089858483,0ecaa5967403d082aa24f35e1b516d23)
Start importing Assets/Kenney Assets/FantasyTownProcessed/wallWoodCornerDiagonal.obj using Guid(8ea04ecf7e18c1e4b8ac1d6aa4e5da73) Importer(2089858483,0ecaa5967403d082aa24f35e1b516d23)  -> (artifact id: '329b54318ddefccc4b30e44b9cb6767d') in 0.067563 seconds
Number of updated asset objects reloaded before import = 0
Number of asset objects unloaded after import = 9
========================================================================
Received Import Request.
  Time since last request: 0.000057 seconds.
  path: Assets/Adobe/Substance3DForUnity/Runtime/Plugins/iOS/libtinyxml.a
  artifactKey: Guid(10342a6a05fbf4a4a8a1914e7b3dc984) Importer(2089858483,0ecaa5967403d082aa24f35e1b516d23)
Start importing Assets/Adobe/Substance3DForUnity/Runtime/Plugins/iOS/libtinyxml.a using Guid(10342a6a05fbf4a4a8a1914e7b3dc984) Importer(2089858483,0ecaa5967403d082aa24f35e1b516d23)  -> (artifact id: 'd6784e95748564b8217b7b37fce324fb') in 0.026926 seconds
Number of updated asset objects reloaded before import = 0
Number of asset objects unloaded after import = 1
========================================================================
Received Import Request.
  Time since last request: 0.000049 seconds.
  path: Assets/Kenney Assets/FantasyTownProcessed/Materials/roofRed.mat
  artifactKey: Guid(3a5eb271ba1ecf7488562a16130b2ce0) Importer(2089858483,0ecaa5967403d082aa24f35e1b516d23)
Start importing Assets/Kenney Assets/FantasyTownProcessed/Materials/roofRed.mat using Guid(3a5eb271ba1ecf7488562a16130b2ce0) Importer(2089858483,0ecaa5967403d082aa24f35e1b516d23)  -> (artifact id: '02fa82544b7de151e81069965b5cca04') in 0.069580 seconds
Number of updated asset objects reloaded before import = 0
Number of asset objects unloaded after import = 1
========================================================================
Received Import Request.
  Time since last request: 0.000058 seconds.
  path: Assets/Kenney Assets/FantasyTownProcessed/wallWoodDiagonal.obj
  artifactKey: Guid(3861d3f56ef2e194481c72cca26710f4) Importer(2089858483,0ecaa5967403d082aa24f35e1b516d23)
Start importing Assets/Kenney Assets/FantasyTownProcessed/wallWoodDiagonal.obj using Guid(3861d3f56ef2e194481c72cca26710f4) Importer(2089858483,0ecaa5967403d082aa24f35e1b516d23)  -> (artifact id: 'd010b2ccfcbb90d64f15623da2e05e8a') in 0.059573 seconds
Number of updated asset objects reloaded before import = 0
Number of asset objects unloaded after import = 9
========================================================================
Received Import Request.
  Time since last request: 0.000050 seconds.
  path: Assets/Kenney Assets/FantasyTownProcessed/stairsStone.obj
  artifactKey: Guid(3d9719da7c59f0248bcc5fc698b061aa) Importer(2089858483,0ecaa5967403d082aa24f35e1b516d23)
Start importing Assets/Kenney Assets/FantasyTownProcessed/stairsStone.obj using Guid(3d9719da7c59f0248bcc5fc698b061aa) Importer(2089858483,0ecaa5967403d082aa24f35e1b516d23)  -> (artifact id: '5dd8302e3f4de6e1fcc533a00a369dda') in 0.075874 seconds
Number of updated asset objects reloaded before import = 0
Number of asset objects unloaded after import = 9
========================================================================
Received Import Request.
  Time since last request: 0.000035 seconds.
  path: Assets/Adobe/Substance3DForUnity/Runtime/Plugins/iOS/libalgcompression.a
  artifactKey: Guid(a37bf4502d5eba940a4b499e4d910313) Importer(2089858483,0ecaa5967403d082aa24f35e1b516d23)
Start importing Assets/Adobe/Substance3DForUnity/Runtime/Plugins/iOS/libalgcompression.a using Guid(a37bf4502d5eba940a4b499e4d910313) Importer(2089858483,0ecaa5967403d082aa24f35e1b516d23)  -> (artifact id: '9d265f28747c5a13502dc03cf75194e3') in 0.036357 seconds
Number of updated asset objects reloaded before import = 0
Number of asset objects unloaded after import = 1
========================================================================
Received Import Request.
  Time since last request: 0.000051 seconds.
  path: Assets/Kenney Assets/FantasyTownProcessed/wallArchTopDetail.obj
  artifactKey: Guid(947a91b84b072c745ae03f0d327add5f) Importer(2089858483,0ecaa5967403d082aa24f35e1b516d23)
Start importing Assets/Kenney Assets/FantasyTownProcessed/wallArchTopDetail.obj using Guid(947a91b84b072c745ae03f0d327add5f) Importer(2089858483,0ecaa5967403d082aa24f35e1b516d23)  -> (artifact id: 'b0e74b64a847d78699b3176d16c2f40f') in 0.057675 seconds
Number of updated asset objects reloaded before import = 0
Number of asset objects unloaded after import = 9
========================================================================
Received Import Request.
  Time since last request: 0.000047 seconds.
  path: Assets/Adobe/Substance3DForUnity/Runtime/Scripts/Unity Objects/SubstanceFileRawData.cs
  artifactKey: Guid(9349db640c23d1b4ead3baa0734949e8) Importer(2089858483,0ecaa5967403d082aa24f35e1b516d23)
Start importing Assets/Adobe/Substance3DForUnity/Runtime/Scripts/Unity Objects/SubstanceFileRawData.cs using Guid(9349db640c23d1b4ead3baa0734949e8) Importer(2089858483,0ecaa5967403d082aa24f35e1b516d23)  -> (artifact id: '0a16319f56830b0d210f82a4c293cf98') in 0.119068 seconds
Number of updated asset objects reloaded before import = 0
Number of asset objects unloaded after import = 1
========================================================================
Received Import Request.
  Time since last request: 0.000133 seconds.
  path: Assets/Adobe/Substance3DForUnity/Editor/Scripts/PropertyDrawers/SubstanceInputDrawerInt2.cs
  artifactKey: Guid(17a55141ccae8494f8ea0e29affd3a9b) Importer(2089858483,0ecaa5967403d082aa24f35e1b516d23)
Start importing Assets/Adobe/Substance3DForUnity/Editor/Scripts/PropertyDrawers/SubstanceInputDrawerInt2.cs using Guid(17a55141ccae8494f8ea0e29affd3a9b) Importer(2089858483,0ecaa5967403d082aa24f35e1b516d23)  -> (artifact id: '40450ced86352867a911e78e1e900d1c') in 0.047532 seconds
Number of updated asset objects reloaded before import = 0
Number of asset objects unloaded after import = 1
========================================================================
Received Import Request.
  Time since last request: 0.000042 seconds.
  path: Assets/Adobe/Substance3DForUnity/Runtime/Plugins/libsubstance_linker.so.9
  artifactKey: Guid(e66b78ce424b7784c824d51cad48a26f) Importer(2089858483,0ecaa5967403d082aa24f35e1b516d23)
Start importing Assets/Adobe/Substance3DForUnity/Runtime/Plugins/libsubstance_linker.so.9 using Guid(e66b78ce424b7784c824d51cad48a26f) Importer(2089858483,0ecaa5967403d082aa24f35e1b516d23)  -> (artifact id: '756cef80fa27ff20b3307c2afb41bde5') in 0.047393 seconds
Number of updated asset objects reloaded before import = 0
Number of asset objects unloaded after import = 1
========================================================================
Received Import Request.
  Time since last request: 0.000071 seconds.
  path: Assets/Scenes/OutdoorsScene/Sky and Fog Settings Profile.asset
  artifactKey: Guid(b41b9a682250101499580598f0f3a1ad) Importer(2089858483,0ecaa5967403d082aa24f35e1b516d23)
Start importing Assets/Scenes/OutdoorsScene/Sky and Fog Settings Profile.asset using Guid(b41b9a682250101499580598f0f3a1ad) Importer(2089858483,0ecaa5967403d082aa24f35e1b516d23)  -> (artifact id: 'e6f6a6ea99ec473fcd049a633323239d') in 0.084180 seconds
Number of updated asset objects reloaded before import = 0
Number of asset objects unloaded after import = 5
========================================================================
Received Import Request.
  Time since last request: 0.000055 seconds.
  path: Assets/Kenney Assets/FantasyTownProcessed/chimney.obj
  artifactKey: Guid(be32043da9b3bfb4f96c41b54110b5b7) Importer(2089858483,0ecaa5967403d082aa24f35e1b516d23)
Start importing Assets/Kenney Assets/FantasyTownProcessed/chimney.obj using Guid(be32043da9b3bfb4f96c41b54110b5b7) Importer(2089858483,0ecaa5967403d082aa24f35e1b516d23)  -> (artifact id: '59a192d2576e48608b9b3c48ae7f84db') in 0.088462 seconds
Number of updated asset objects reloaded before import = 0
Number of asset objects unloaded after import = 9
========================================================================
Received Import Request.
  Time since last request: 0.000072 seconds.
  path: Assets/Kenney Assets/FantasyTownProcessed/fenceBroken.obj
  artifactKey: Guid(510cb14066deb8145937dadd7e085d07) Importer(2089858483,0ecaa5967403d082aa24f35e1b516d23)
Start importing Assets/Kenney Assets/FantasyTownProcessed/fenceBroken.obj using Guid(510cb14066deb8145937dadd7e085d07) Importer(2089858483,0ecaa5967403d082aa24f35e1b516d23)  -> (artifact id: '48207410bb4edee4b1a0f21bf185f9b0') in 0.051283 seconds
Number of updated asset objects reloaded before import = 0
Number of asset objects unloaded after import = 9
========================================================================
Received Import Request.
  Time since last request: 0.000101 seconds.
  path: Assets/Kenney Assets/FantasyTownProcessed/wallWoodCornerEdge.obj
  artifactKey: Guid(a9ccf1e50e0a04e44b30b66b1cc55205) Importer(2089858483,0ecaa5967403d082aa24f35e1b516d23)
Start importing Assets/Kenney Assets/FantasyTownProcessed/wallWoodCornerEdge.obj using Guid(a9ccf1e50e0a04e44b30b66b1cc55205) Importer(2089858483,0ecaa5967403d082aa24f35e1b516d23)  -> (artifact id: '2b95b2df385c8b2d9f4d722bd83f3f3b') in 0.127103 seconds
Number of updated asset objects reloaded before import = 0
Number of asset objects unloaded after import = 9
========================================================================
Received Import Request.
  Time since last request: 0.000076 seconds.
  path: Assets/Adobe/Substance3DForUnity/Runtime/Plugins/iOS/libintegrations_system.a
  artifactKey: Guid(9385a5707a08acd4188a9d0e7d19208d) Importer(2089858483,0ecaa5967403d082aa24f35e1b516d23)
Start importing Assets/Adobe/Substance3DForUnity/Runtime/Plugins/iOS/libintegrations_system.a using Guid(9385a5707a08acd4188a9d0e7d19208d) Importer(2089858483,0ecaa5967403d082aa24f35e1b516d23)  -> (artifact id: '7ad630e80e40bce306993ce5be28696e') in 0.057956 seconds
Number of updated asset objects reloaded before import = 0
Number of asset objects unloaded after import = 1
========================================================================
Received Import Request.
  Time since last request: 0.000052 seconds.
  path: Assets/Kenney Assets/FantasyTownProcessed/fountainCorner.obj
  artifactKey: Guid(a71dc19dc81c91649b9dcd00ffc8c178) Importer(2089858483,0ecaa5967403d082aa24f35e1b516d23)
Start importing Assets/Kenney Assets/FantasyTownProcessed/fountainCorner.obj using Guid(a71dc19dc81c91649b9dcd00ffc8c178) Importer(2089858483,0ecaa5967403d082aa24f35e1b516d23)  -> (artifact id: 'd3a043f6e8cfdfa6999fb9be31df9712') in 0.052076 seconds
Number of updated asset objects reloaded before import = 0
Number of asset objects unloaded after import = 9
========================================================================
Received Import Request.
  Time since last request: 0.000052 seconds.
  path: Assets/Substances/ProcArt-Brick-Wall-WoD-MMO_graph_0/ProcArt-Brick-Wall-WoD-MMO_mask.tga
  artifactKey: Guid(ebe7492bbab70e24ca62f4b9f446581d) Importer(2089858483,0ecaa5967403d082aa24f35e1b516d23)
Start importing Assets/Substances/ProcArt-Brick-Wall-WoD-MMO_graph_0/ProcArt-Brick-Wall-WoD-MMO_mask.tga using Guid(ebe7492bbab70e24ca62f4b9f446581d) Importer(2089858483,0ecaa5967403d082aa24f35e1b516d23)  -> (artifact id: '78b6e346815f0727145c470480cf7559') in 0.042195 seconds
Number of updated asset objects reloaded before import = 0
Number of asset objects unloaded after import = 1
========================================================================
Received Import Request.
  Time since last request: 0.000051 seconds.
  path: Assets/Adobe/Substance3DForUnity/Runtime/Scripts/Unity Objects/Inputs/Descriptions/SubstanceInputDescNumericalFloat.cs
  artifactKey: Guid(17cc9d69d9e234541a84546059a02135) Importer(2089858483,0ecaa5967403d082aa24f35e1b516d23)
Start importing Assets/Adobe/Substance3DForUnity/Runtime/Scripts/Unity Objects/Inputs/Descriptions/SubstanceInputDescNumericalFloat.cs using Guid(17cc9d69d9e234541a84546059a02135) Importer(2089858483,0ecaa5967403d082aa24f35e1b516d23)  -> (artifact id: '0c3be86030b9b7b9890f7ae79b1561f3') in 0.017723 seconds
Number of updated asset objects reloaded before import = 0
Number of asset objects unloaded after import = 1
========================================================================
Received Import Request.
  Time since last request: 0.000035 seconds.
  path: Assets/Kenney Assets/FantasyTownProcessed/wheel.obj
  artifactKey: Guid(d6601cea7d0e424448fd981d6c888d94) Importer(2089858483,0ecaa5967403d082aa24f35e1b516d23)
Start importing Assets/Kenney Assets/FantasyTownProcessed/wheel.obj using Guid(d6601cea7d0e424448fd981d6c888d94) Importer(2089858483,0ecaa5967403d082aa24f35e1b516d23)  -> (artifact id: '9f831dbb88b79619edb00c1727676c4d') in 0.119943 seconds
Number of updated asset objects reloaded before import = 0
Number of asset objects unloaded after import = 9
========================================================================
Received Import Request.
  Time since last request: 0.000049 seconds.
  path: Assets/Kenney Assets/FantasyTownProcessed/roofHighRight.obj
  artifactKey: Guid(ba46c5b0f2a1a5140a044b23cc7e90ad) Importer(2089858483,0ecaa5967403d082aa24f35e1b516d23)
Start importing Assets/Kenney Assets/FantasyTownProcessed/roofHighRight.obj using Guid(ba46c5b0f2a1a5140a044b23cc7e90ad) Importer(2089858483,0ecaa5967403d082aa24f35e1b516d23)  -> (artifact id: 'a9cdf80f0c0b8bbca33cec75b3852921') in 0.049803 seconds
Number of updated asset objects reloaded before import = 0
Number of asset objects unloaded after import = 9
